nlp_churn_score_max_30d,nlp_churn_score_mean_90d,nlp_churn_high_risk_count_30d
0.21222301943248592,0.5829511502720979,1
0.48542840300135415,0.0022622788495911816,1
0.6108290647584026,0.3522784801714576,6
0.5633642157363591,0.28074502299066106,1
0.5762269254132614,0.4099730770841659,2
0.39942775755166454,0.358890086450496,1
0.3951980576627696,0.09946692891852327,1
0.6176505269774848,0.250772412919786,1
0.6222710664311122,0.3737854333271068,1
0.6034840999770538,0.18656415360487116,1
0.37610699544990356,0.36654087989670103,1
0.3485843467921213,0.4128767118502466,1
0.15164551794299047,0.2717056375742252,0
0.35169461407175967,0.3206830503803005,0
0.1746152552830053,0.0,1
0.6087211529638732,0.13680799682372452,3
0.36569573239085407,0.38482090465481933,1
0.6494760889497675,0.20865952154948122,0
0.6003637113406397,0.21006080354110912,3
0.10887334754651541,0.6064359673184423,0
0.8080720839733688,0.9171678541247847,1
0.39085115410417864,0.342307307511612,1
0.4848421399498164,0.6657829550868025,3
0.1564439692782325,0.0,1
0.28700035471635477,0.06499549451181005,1
0.6359452345048298,0.18258000709941308,0
0.16998463770493533,0.2902709817861182,2
0.8429103420651203,0.3654375010756071,3
0.17071556968588078,0.0,0
0.3775642881289676,0.4855682400952987,0
0.48810030492134404,0.32650711544702343,3
0.7101299737489006,0.7406214426726168,3
0.5686154574044003,0.10864450347806259,2
0.3774678193486581,0.006121137495794626,2
0.7879536093107289,0.0,2
0.3219436401023751,0.10798117787431434,0
0.618902212720967,0.6298840296100429,1
0.20249303367806556,0.0,1
0.6477314857474525,0.7515367452556203,0
0.5240528752036393,0.3973524546369551,2
0.37128376951219666,0.35774539668204375,2
0.3558826238261849,0.008938022094790887,1
0.05271030772167784,0.31532247831059024,0
0.3672509860443632,0.0,0
0.0,0.2841744499378038,1
0.3051437216817685,0.35291501256639535,0
0.4575292581792759,0.5012733411985939,1
0.6708214410119255,0.3156532933224129,1
0.6740960684662713,0.32788250521625234,1
0.0,0.23472407161965075,0
0.5989153985517436,0.38261473508094007,3
0.6736395859906084,0.22759846424372884,3
0.04483881737379786,0.0,2
1.0,0.5522876921295916,3
0.4939843446125866,0.32198236054474316,1
0.5958980622187177,0.3959303472871556,1
0.07205193819985267,0.3509695849353119,1
0.3125807997574313,0.23292454510358104,0
0.4019614650141145,0.030911736557266034,2
0.5124068940690307,0.0,1
0.2808817084623156,0.002093139300503616,0
0.45512978889395206,0.730704653617039,3
0.19348703155967725,0.3206974093079695,1
0.0,0.20644968517307033,0
0.6911195937732806,0.46313448724734774,0
0.1867586117707259,0.3298375938542152,1
0.4266066870456973,0.49491796136021116,0
0.3534137787368109,0.252097020914758,1
0.4491563821834839,0.4126407123991382,0
0.5031033893241765,0.14450890940852132,0
0.2823116878655789,0.6852681208760578,0
0.7224959519067523,0.542772960706615,2
0.3127974553607946,0.5135754861913274,0
0.8294227494005435,0.2796285154258462,3
0.018482157699311642,0.26290575728881493,0
0.3528271945283926,0.2727153145691392,2
0.49537396452757226,0.2966087026643651,1
0.281417848800805,0.569759949894937,0
0.2666263460061499,0.06643562983656698,2
0.07608983852086336,0.1440856175495825,0
0.5851739656666599,0.5019065135496225,1
0.6254461966483917,0.40088430003332653,3
0.5018335659923951,0.464205810849239,4
0.32440522506669256,0.641913008518507,0
0.38047179843086454,0.0,0
0.35190672004193296,0.5177996813817083,1
0.6864011491026423,0.5859580826996562,2
0.4096245843093687,0.6747212265619401,3
0.2919061551175593,0.0,2
0.5313736337771404,0.13600064362965517,1
0.4083675010757037,0.573817912015429,1
0.43763547687040405,0.0,0
0.3767033612518513,0.0,1
0.24552969754402787,0.14272470172626886,1
0.24413650949768198,0.27346791533486026,1
0.3660616181161253,0.6301275196964321,4
0.6198907598201653,0.2547980870705712,1
0.16537288162141822,0.3323199049005848,3
0.441971005200263,0.33011981352936054,1
0.5952477482554163,0.5069941799466482,3
0.0,0.23889310112836168,0
0.37890859637387625,0.19711746406216413,0
0.41299760891366394,0.0,2
0.3759148254167254,0.017705060677914303,3
0.20097235987705792,0.7031768155871526,2
0.6346099192384915,0.338169842817548,1
0.4936812542104356,0.35853480811780186,1
0.5055900760228418,0.5054571494817006,2
0.5235454547392793,0.06264574487206576,2
0.24174943730793078,0.21620817336297574,1
0.4906714240914979,0.3016733829019432,2
0.32107947237824563,0.1769569203016437,1
0.07842087991527785,0.29254178435152073,1
1.0,0.5981198161261515,1
0.24309932530513936,0.0,0
0.28939602159372313,0.3285946050789131,1
0.31747734232280855,0.0,1
0.5208468654373694,0.3691309746661272,2
0.508135507823612,0.636535413442871,1
0.5528643045565645,0.27325334664013146,2
0.27433921234722763,0.09838720613437124,2
0.16348655836041598,0.1669935971065222,1
0.7656956176341704,0.38177240332197393,1
0.5014839144841445,0.270662374936031,1
0.4341258871485064,0.28624068803282837,3
0.8029875232037558,0.7900955788910724,1
0.5067911132446558,0.5833034056843733,0
0.2427336196560821,0.19008158979392156,0
0.35676512523894366,0.418763465793895,1
0.297423914807484,0.1472335282957022,0
0.28980807174262935,0.14627422466199663,4
0.8320291276186147,0.36579936696742954,0
0.31077333073397684,0.33306603447666183,1
0.8516374503537827,0.7581007143216791,2
0.3646709273701779,0.5163022130484701,0
0.5025152627484221,0.5796842076064398,1
0.1810658011506165,0.3874045143443824,2
0.3912357424334786,0.35109952212851747,2
0.42406906174588505,0.10668174182390439,6
0.5821477783440328,0.6710715903355323,5
0.2691875516544626,0.6470686312192151,1
0.7782759566623292,0.4934989968022222,1
0.29559289254098975,0.060655361079169565,1
0.09399474276146302,0.40513544189536316,4
0.7309039899687025,0.39902407274512136,0
0.4317044168459322,0.2915348259539357,0
0.0,0.0,3
0.48583622291859807,0.3846257348424116,1
0.4485630892165766,0.42076990594953184,0
0.4047481099837829,0.43708681645151926,1
0.5602312251722688,0.3579453452341297,3
0.7707068274202257,0.40679002752193516,3
0.34655953436925346,0.41011508190222934,0
0.47692616515772285,0.29975167355919163,1
0.4009173922676035,0.19861520890537737,4
0.5641558539552292,0.17235188218931113,1
0.3800565906289871,0.07216138887286005,1
0.45882404650250314,0.2700650419233752,4
0.25137047756429204,0.3068190519951162,1
0.5814045335581253,0.3895453352817514,1
0.14057059985610768,0.491136911625127,4
0.4489743258957919,0.44477266857554976,0
0.5421085617794233,0.4604722091659493,3
0.3274842232312587,0.35825778984008205,1
0.7190156903623491,0.8154744469191229,1
0.2401261608342423,0.33042942567163175,3
0.8878516375719767,0.2914158650223233,2
0.9607041067599305,0.5935001171801599,2
0.5321691967998311,0.7853292221434333,0
0.09954885289099757,0.14072338802516252,1
0.21614067170019718,0.36224708638062514,1
0.5237024797777927,0.6108668253162439,2
0.4575091591407832,0.46447179331685295,2
0.5692566372278165,0.48568779718718214,2
0.6479201314273243,0.15055349427102688,0
0.3123437043913434,0.31941057654706967,2
0.3584080173922763,0.5252222439282636,3
0.9550821300827874,0.7339974013261287,2
0.009641840320486428,0.3123735061007993,1
0.6720188349153151,0.4158652168642404,0
1.0,0.5951258927581187,0
0.27919400176188025,0.36871738784267305,0
0.32342159645130997,0.41999773212191926,0
0.4302849605066703,0.13998878314461757,2
0.583798017147154,0.3777114878646208,1
0.7260087273518349,0.6809020206917005,0
0.5371455787316042,0.02986073023646807,1
0.21757791122748812,0.0,2
0.5353542656483268,0.4991720101827695,0
0.24024979218655806,0.2447209056758417,0
0.43841959043794526,0.3519263389383936,1
0.6244724487930902,0.2877230064040943,1
0.6002197372884649,0.432589304410702,2
0.19664296567311138,0.2196903164102226,1
0.44407314845276075,0.0,0
0.28747759475996343,0.5840671372913924,1
0.12831383813977362,0.22623417219381062,0
0.5033779281150262,0.2008861992871119,0
0.3223481713646537,0.19662448792998954,1
0.1192400603050327,0.0,0
0.32772120891785594,0.41560641708161006,1
0.5529677135579765,0.3660587684093994,1
0.41532547831566813,0.31796078378072784,2
0.48858549330986556,0.6100606546254675,0
0.221905132574278,0.0,2
0.0,0.07069042871104741,0
0.22206360478283002,0.1399111449601232,0
0.7287548479549092,0.4190602192431317,2
0.5679074734796271,0.4884173194082167,1
0.994635276797111,0.6712912828358046,3
0.8300647977080019,0.41013592182827063,3
0.6237460103549468,0.18563835025016306,0
0.7674366475082466,0.6833310055420387,1
0.44634061779441225,0.8034908502268365,2
0.4422019064684093,0.27006606668438843,4
0.38382343206701447,0.17868243158531993,4
0.6587957623827678,0.4987490190251803,0
0.6516611654832455,0.0,2
0.326603700711105,0.16042047993243985,7
0.44966642976022986,0.13495153642285537,0
1.0,0.3914926444789524,1
0.13987435917017177,0.05735685284024755,0
0.36442019632552214,0.15120524902704152,2
0.5587737777536277,0.3019036134015476,2
0.33817063319911816,0.23391875593509012,1
0.537825645930884,0.23299719023447057,1
0.2644640817548073,0.1986206769317275,2
0.23307828520659818,0.29734058164203314,1
0.33314134726936123,0.37037320227513265,3
0.5978728516770886,0.29380410160423387,0
0.26207359827611987,0.3721015756034878,1
0.6230055746379191,0.4024413994037934,2
0.5175401632895615,0.5504954678514736,1
0.14702264572871684,0.49122901385071804,3
0.6246376053667614,0.22042733006314474,1
0.6800836334811684,0.3900941425872806,1
0.2588325453933835,0.452995825045084,1
0.2877603015238077,0.2313400074755303,1
0.744969722055328,0.0,2
0.7775371702116134,0.29715606945518563,0
0.28274727967273683,0.2290211246352416,1
0.5559617637133153,0.0,0
0.28307370967267914,0.5758709171641174,0
0.6453530236354457,0.19610636194759032,0
0.3976483045250771,0.2341024133063135,2
0.4721184516591927,0.19462569267268515,3
0.32371510645932405,0.0,1
0.0976150479207013,0.16442504544782016,1
0.7295806293391661,0.39107122333538047,1
0.3358738189301436,0.5179672369447114,2
0.08667751645512412,0.13388339239490663,2
0.7442755978100424,0.40378429967923835,2
0.8050374764311844,0.4205956127635124,3
0.3800270936123897,0.5918332708592253,4
0.044129559259712986,0.4349049615525376,0
0.21762781206200293,0.4644171116606872,0
0.6995764892900576,0.4704335930896312,2
0.19946602950684,0.2669998597648172,2
0.5928258296704509,0.22585908134962887,1
0.40482525498393246,0.28216710272398204,2
0.5593537004970452,0.21918123072865525,0
0.679177867447498,0.06241588912081064,2
0.0,0.21140868383307315,1
0.41453542273562693,0.04373710918458493,1
0.5677150196180086,0.4857702516240733,2
0.07743188500089326,0.34082118607560297,1
0.4285861533180446,0.5134452183464726,1
0.14592840485741407,0.2720033034695451,1
0.4524903632988949,0.27306089993742844,0
0.431027116496544,0.6497766900413201,3
0.4956516688882588,0.5599664094800717,2
0.045102999037902713,0.20934083519413033,1
0.9857309605044194,0.39858069962140047,4
0.2440016015456029,0.08203116549807188,3
0.6885861167357861,0.4469095142761278,2
0.7255223943986575,0.5140578647298529,1
0.3698281358922583,0.29098233197583245,1
0.40658395071937053,0.0,0
0.37260554024182163,0.019194327434015335,2
0.2682938569280074,0.47485648417404935,2
0.43215165166617997,0.15413489845325123,2
0.531264830354166,0.2542671561282363,0
0.6751014269350395,0.6883419092990051,2
0.41287262298667315,0.0,0
0.9303844070168789,0.46301584892667635,1
0.0,0.0,1
0.29309168234390764,0.5785106469273182,2
1.0,0.8796450976914383,1
0.7595487994628561,0.605925243364352,2
0.8997556223694021,0.5377307139042223,2
0.8025413434199192,0.2991873611924828,0
0.3601917738847946,0.6162107215868592,1
0.35777470537794615,0.27233380230927734,2
0.4766789190594617,0.50813820041864,3
0.1634370417011765,0.27577042610051516,1
0.3030665318115527,0.1566450932934012,0
0.6696600422847683,0.6742496535016306,0
0.32830201611674015,0.40071834668560585,2
0.5396285568985343,0.6247600171415604,3
0.819705519171246,0.5354424379500954,2
0.14786781693500084,0.029350610697692348,1
0.48403577093646394,0.26954325383591193,0
0.31742072114046965,0.3496682597913525,2
0.33064428158506126,0.1924783426032652,1
0.18642415148640515,0.04420317909851684,1
0.2607898845202974,0.5173834139663059,1
0.9812652867061693,0.4288688400458429,1
0.17498200825333388,0.2462510433900785,1
0.46548041501599574,0.37178479048694546,1
0.2827669554191585,0.13310746286474756,1
0.5332016176494438,0.53962010222748,3
0.7082089839509731,0.13464589538137886,1
0.6089257951901572,0.38784576122467473,2
0.523832108918306,0.38376188944234163,1
0.7369662607999061,0.529286713355399,2
0.20572287748834597,0.009770335527526819,2
0.7539354733709177,0.49784780921450456,2
0.4672361260917919,0.5555330891951917,1
0.7555108066567171,0.3240609925030103,3
0.5256241527248297,0.3981799632229964,0
0.5458965867450555,0.5154136001567535,1
0.6078779095208365,0.06040079222418787,1
0.4002217678741575,0.029127068247058935,2
0.8878400383811779,0.6677081131296551,1
0.19305336160923986,0.2463019691296826,0
0.04603985076653219,0.05438302818881734,2
0.4427045167548659,0.19127440781555138,1
0.7423928393139212,0.39466660593055586,3
0.4643216077603134,0.23001688311274754,0
0.3970720709227438,0.1500688222288981,0
0.09420541636747182,0.0,2
0.34684701615521957,0.4213948539952546,1
0.6868147824794741,0.46780091195428963,1
0.6075810853355531,0.12190928937059986,2
0.8240581023748955,0.5401437012745415,4
0.686290372084282,0.23984886276975834,3
0.580016997713611,0.31200855341656863,1
0.4838985864866924,0.17195076804480341,2
0.49000426170373634,0.215921903524546,3
0.5044119728388854,0.786508900616071,0
0.1657200290809822,0.11151771897236862,0
0.3734043706394913,0.12587252823872982,2
0.45802063374402885,0.13511456059409072,2
0.27486573178119034,0.4343501144450964,3
0.37366086726451353,0.0,1
0.4752513241907794,0.13404057960789767,0
0.5720563479214875,0.602320171283979,0
0.40855852969874074,0.2000947366605549,0
0.3090509454920521,0.24652928391137907,0
0.16070428424840927,0.6762388303431311,0
0.3669076591264147,0.342340882144205,2
0.5625291462798223,0.24750660054626622,1
0.2077503032690589,0.28176552031166596,1
0.807205031471182,0.19214728561295308,1
0.6368716982107969,0.6820479159370982,1
0.5567972164152548,0.4646283473670915,0
0.5846754264425231,0.4907753499386861,2
0.253484623475675,0.486201019307793,1
0.7418995017702011,0.3762130923108111,3
0.2680481842692456,0.01021889151239716,1
0.4156276760297021,0.2999258719958538,1
0.4468542527332954,0.2193259634750589,1
0.6190500720846808,0.2914380881039961,0
0.37305080185229433,0.5269824416714788,2
0.568291204045984,0.2907321676983066,0
0.2892158088334972,0.42932585984954913,2
0.5854391866521398,0.267139511794397,0
0.5413443510841415,0.42900438887094744,1
0.4081560927351988,0.14192220447576434,2
0.25687715146768586,0.0,1
0.44491735408176575,0.3636159191428877,0
1.0,0.671083542594012,1
0.28858046320444747,0.4764210265796863,0
0.612396019941162,0.21851823916992721,1
0.49906842645026794,0.2180652956041335,1
0.2885981335260394,0.30300963143576365,4
0.4476616034191491,0.3676863254835987,0
0.575118005808293,0.42239749560290346,1
0.6385574853864087,0.8125817469197808,1
0.11663360833257783,0.011371477250706113,0
0.43743264182522085,0.5531463077097112,2
0.27798804024158286,0.389333477819089,0
0.21266248029153212,0.0,1
0.5068084083430109,0.3532116194924094,1
0.1169153994076533,0.3966871087550281,3
0.6658398436517678,0.3718266300823803,1
0.42449437362094866,0.16567021739116528,2
0.6091184186638121,0.3893100354248728,4
0.28061763492260705,0.17439994498769695,2
0.3832231718547585,0.3181855316625512,2
0.1374842091963092,0.34797642968212816,2
0.3723589092839771,0.09675152673724022,1
0.27051302953877204,0.017333623919978502,0
0.4820100882062558,0.5698524765092013,1
0.5123473288979569,0.1929604945339497,0
0.09965502926051784,0.012279095947473062,0
0.2747430702637763,0.0,1
1.0,0.6145380555179343,1
0.78735970247345,0.31980140450436184,1
0.5415975978260839,0.23273645700247422,1
0.31233360840064994,0.13688917032239717,0
0.0442899447409823,0.5233951338050001,1
0.8437845281917792,0.23805003408851433,2
0.5040000807685983,0.0,2
0.25639198858429424,0.3213025188729595,1
0.6410171451463974,0.29672778479181455,0
0.2180231431133635,0.037331170864095015,4
0.29654330564471215,0.38608900563880855,0
0.7032350902458899,0.6101994249359943,0
0.5188869409628896,0.03321747718018758,3
0.854873772895207,0.36062145889835273,0
0.09107528592259939,0.6381348766375091,2
0.04370355318937552,0.2575292233236356,0
0.3961670236832563,0.5080550720205844,1
0.5351213270493533,0.5294162807216501,2
0.20129262331997066,0.209080014323494,1
0.36265397905309804,0.5547341747140453,1
0.30481035425197983,0.4205760567370851,1
0.7519465744708974,0.637535350401631,1
0.4485684568420819,0.3735976364507369,0
0.45216415867550386,0.47185321199471053,2
0.9056142979461372,0.294571580620484,2
0.22359978583546503,0.24944207839858262,0
0.4480852974737055,0.11388097853290613,2
0.40300947977025436,0.16254172266851255,2
0.4801372528407759,0.3238761334194536,3
0.3615008333469079,0.0,2
0.6051106477350718,0.22301898946594984,2
0.460885386626838,0.32195979059850055,0
0.0,0.2027680542776111,3
0.6694588788106742,0.5246564516139189,2
0.12737541751658812,0.006416732561641769,1
0.609823413448064,0.5122135223073669,0
0.36549079759691555,0.6793522932872816,1
0.5884126687470231,0.49219029627695593,1
0.678552539580713,0.304262938508821,1
0.5209938867370707,0.46561262331066433,4
0.18554030082934655,0.3909652501639558,1
0.2255879030278196,0.3715987364543429,0
0.29166204531776496,0.5298263383820847,3
0.3804851590545016,0.3073725305790887,0
0.32750269248179203,0.3757159026270743,4
0.04423853889227192,0.3655554556637698,0
0.5558529328726682,0.13532390825653046,0
0.29744029850086373,0.0961116448158182,0
0.7342808055362682,0.4908879321072367,1
0.7822506951251131,0.6425952784599982,3
0.2315971930935874,0.3729098277955997,0
0.2053315437988374,0.17885065934665367,1
0.16679178002514838,0.0,2
0.37490833971886195,0.3114854073464129,1
0.33572355368010554,0.16256048948954832,1
0.19080779547393703,0.0,0
0.5997477402124736,0.22124135339848883,3
0.6382136786824809,0.2889473725148023,5
0.0,0.47421164137685157,1
0.3424705114816874,0.2663683320320214,0
0.5188648342756159,0.22428366667657312,3
0.3350498778086641,0.45832023350774226,0
0.3538545198600074,0.0,0
0.6285726492267103,0.5335543756932759,3
0.28608478135235554,0.26801139511061506,1
0.1989965518438535,0.48791025118054676,4
0.6737952012439519,0.3533870120511912,0
0.25244807250092716,0.09456488614860359,1
0.23593383287632141,0.2772906815179029,3
0.3795684968725146,0.6479298743554593,1
0.7330405301935958,0.5020999443483428,1
0.6802271722345786,0.12211252459151956,2
0.5824693294097856,0.11672728995011183,0
0.2798947319627841,0.0,1
0.1698589120425955,0.5057299026322902,0
0.27372314772406037,0.0,0
0.8105694929104929,0.3150908744315175,1
0.7745376279797318,0.832389305438969,3
0.2315545652302033,0.08910248884443245,1
0.5504912048540928,0.6134415297522466,0
0.5665236092442913,0.2423714659902484,0
0.7427684642370599,0.4567350541587081,4
0.7761864562111701,0.47532949463342633,4
0.43463552104063735,0.1123467767538602,2
0.4941664949055064,0.4417567729259362,0
0.0740707828151844,0.005254007697035629,2
0.5584000939996534,0.0,1
0.468102907451758,0.3259144016611443,1
0.0,0.0,1
0.0,0.25493858617154996,1
0.44368042405720987,0.0,2
0.6733812180972399,0.30901457450418335,2
0.7348658897302346,0.5416864612054687,2
0.31504760560093203,0.22427041578313286,2
0.47711074952196175,0.43960841475691054,0
0.4655147712980472,0.5748701211385535,3
0.21579580545898724,0.0,0
0.24353678636638587,0.3802053999191468,1
0.5708648407123686,0.0,1
0.21313395840883037,0.23130887043955087,1
0.45107643148206367,0.19155327100748212,1
0.5085635633127371,0.1634968202775249,1
0.5740126006963204,0.3814857779897953,2
0.6935616738987431,0.5783735011292236,0
0.7658053400768203,0.32975232868245496,1
0.28776430258739993,0.0,1
0.45016165320920265,0.34687262842020183,4
0.15822300024216054,0.0,1
0.6713334346433775,0.26016300474842813,3
0.5641687226997525,0.4630250630866667,2
0.5672388996237596,0.37358194153579527,2
0.9110641579597363,0.06053930719783923,3
0.055253690217652834,0.0,1
0.24078108300261994,0.3221510520330409,1
0.5043874533606538,0.43575317422242765,2
0.6292365132714113,0.08919079549866649,2
0.472126799781519,0.2824841528063252,0
0.31172720945292354,0.48590227039129785,1
0.5765933969851897,0.8723245948468354,3
0.4090295669968354,0.37499253930128945,2
0.036907395055979536,0.28812751239667256,0
0.4601754305682971,0.013987936547367685,2
0.6164565225240963,0.7493634555846742,2
0.31618394266061145,0.014588038723894706,1
0.5005216951417125,0.1255555050095524,2
0.04576742331147832,0.16170910913095918,1
0.6312487980883479,0.7818412169277831,3
0.3440456335875173,0.811066141329277,1
0.3457779889756098,0.1435903365303804,3
0.10264162943591394,0.33275679914994394,0
0.22483381180879447,0.2800279876353196,1
0.4171098259311484,0.08128918621041753,2
0.17941901328583343,0.4881582614253758,1
0.6798570875746632,0.19568135465959718,2
0.07597357869676867,0.4374428040032046,1
0.16435582466065674,0.5216763104348627,0
0.0,0.2903126092761128,0
0.5363103992898146,0.7444448135071494,0
0.30332556424213253,0.7177997635617227,1
0.06628110131968482,0.16138308201464835,1
0.5150872316117484,0.07393346001308015,2
0.6007208793723586,0.0,2
0.30980106652712247,0.668760074943446,1
0.6851753762548498,0.24843210595676396,0
0.3482572099005929,0.40122113484390853,1
0.32104490213239734,0.16288022765021687,1
0.6317822461838067,0.8590188177301021,0
0.44913584799925316,0.08848351306873908,1
0.3475583294437572,0.0,1
0.711234486842812,0.43833933896229876,5
0.2311220915100429,0.1443125931659378,1
0.516965332038477,0.4173011949835723,1
0.19751559121504395,0.2073093111410907,1
0.37693630187379407,0.40010448895437634,1
0.5807213800138739,0.19637153602202,1
0.4205427288877212,0.23074603077770903,3
0.1760671383360895,0.17169875924869837,0
0.4996654319952649,0.8692710171492523,1
0.48262787642889793,0.27847232314341525,0
0.36276697551782355,0.0,1
0.3117138756769975,0.12769003504540113,0
0.3521560945133391,0.3193373222122273,1
0.4052135911371964,0.6017666597530283,0
0.28881676202526996,0.49706748594964234,1
0.6724932055288808,0.2543067918663609,1
0.37501447856854353,0.8229630154378311,2
0.20895316726214663,0.2342893795770878,0
0.42798515930614633,0.6157917543859176,0
0.2776200061340559,0.0027500866946745806,1
0.13448265690733435,0.0,2
0.2985298486999538,0.0,1
0.0,0.0,3
0.21945014563718696,0.6608362759600228,2
0.3254638537643285,0.3118461290346972,1
0.8053792739275649,0.2208051740058145,0
0.258561039846568,0.3849178077687457,1
0.616351780826312,0.45221940891396073,1
0.7040400308905934,0.46003651822395064,1
0.0,0.3268970627287343,1
0.4688952282051885,0.22887503042286655,0
0.3525449095720073,0.15505211804333235,1
0.1320614494546667,0.31098460043301984,0
0.39636920262183956,0.5222516349772788,0
0.5478742548556981,0.4805041574069256,0
0.9770956952216243,0.8336770488611098,1
0.8190068709011261,0.39707251849093295,1
0.8149219379482432,0.2747912867491646,0
0.4772629814371145,0.3660430563894684,2
0.4060740703159841,0.3179212406206947,2
0.3871301052475511,0.3286237916183177,0
0.4428019377941177,0.030702095764722964,2
0.351885204514353,0.25587813134777665,0
0.4259260888711226,0.5749570461657005,1
0.49611399695341357,0.19220702448317545,0
0.6035359135667852,0.06824062598785499,2
0.37581547789410924,0.5410738085811064,1
0.2567135656479015,0.08474025903514357,0
0.4500728008067594,0.2144332660194352,3
0.7729794510447319,0.5056628855509308,1
0.0759590868902551,0.432836263086243,2
0.0,0.4307625671097357,2
0.34307163265371804,0.08131927212568626,0
0.36011021069786553,0.41775075782701626,0
0.4724093207910698,0.23665345586146602,3
0.41513522978266204,0.07020579816597111,0
0.40163825220991944,0.5798091143478802,2
0.2608584110455144,0.26935562080765796,2
0.7374297815745077,0.3571712028003572,2
0.453650764100649,0.45338039889765347,1
0.1319710881468757,0.0,1
0.4008866024342464,0.357948591334364,2
0.11470817126271145,0.23272325632904814,1
0.7845775116693606,0.15860207025812334,3
0.7673009589160583,0.5419019304623761,0
0.7737423742504947,0.2732487493154725,0
0.36500758487966023,0.5099337434823737,2
0.4773667331046151,0.0,0
0.3499244364251675,0.39791069588886296,1
0.5112270890538411,0.35048621265530877,1
0.268993053991044,0.28731359021395986,1
0.6734108877210098,0.479890784503662,2
0.46002879534944674,0.003421089265547572,1
0.3074805377746057,0.6162743036766868,0
0.38828623061404816,0.30723097842021657,2
0.5715758506856885,0.5782619616233997,0
0.7001353988498552,0.59754393014139,1
0.3861505382449924,0.3761014590419573,2
0.7329329953958955,0.3070352525752135,1
0.3211636766405476,0.1125315852963938,1
0.25920083254896914,0.5036855128850503,1
0.4796645692260275,0.5341294798684693,1
0.08636125987924226,0.14809751530792542,1
0.7968711005418163,0.0,3
0.37477861031122733,0.25025512257268256,1
0.436532198298984,0.33607452590378045,0
0.2520320402813056,0.20442901745464515,2
0.299533960192896,0.33790806727569367,0
0.0,0.3591590420859854,0
0.31751499934934996,0.4939558138975626,1
0.3476783794936742,0.4244772502605061,1
0.47058751264189436,0.0,1
0.3448874801998897,0.2577615912648683,1
0.4328462000356581,0.7863972457527001,2
0.5737930797412827,0.31455945687495684,0
0.9636264906539324,0.6436955475659062,3
0.7225005908644776,0.4829091045658433,1
0.12988129634533163,0.22647943713606952,1
0.4345190879475887,0.0,2
0.5505273960133791,0.3620235828747789,2
0.27047671189357353,0.20234491908764204,1
0.4370818834529594,0.5192394371743663,0
0.500988448004806,0.4229108193120213,2
0.6880365677616087,0.0,2
0.8116620362118312,0.6709949212404157,3
0.8432917963517688,0.36461146834042424,1
0.5686762835802011,0.0018782199678408773,1
0.40635706832824114,0.009294492156059209,0
0.7097247554775693,0.7532446805497066,3
0.4557425891864217,0.524057991406471,3
0.5112781580945587,0.36515516328334047,2
0.5129644638068352,0.39183415206131034,2
0.47410915832132206,0.5433814229745619,3
0.2664583177260964,0.27577495766718013,0
0.6993260163146309,0.5244857236599227,3
0.20330949154643313,0.0,0
0.333213650463918,0.28693531153546226,3
0.5543596833390912,0.013599811415206747,1
0.29083979910209967,0.44118729517070054,3
0.285556651528845,0.24676987949937293,0
0.4560611172765703,0.41758222221777025,3
0.6092029028862812,0.09049212756319136,1
0.1053304305279752,0.41707802006225986,1
0.4735773741397678,0.48294006216172325,3
0.5788815587815276,0.48161746144121764,1
0.3325230519160894,0.0,0
0.6774980436797378,0.24942811314934082,3
0.2311392421666824,0.2814941977939875,1
0.6286243822281048,0.17740335716587247,1
0.24542470521898602,0.2902249651312431,0
0.06577620739968473,0.0,2
0.7984796029643454,0.47949115351659777,2
0.7080365952506082,0.7039685436404255,2
0.5566849686987235,0.46022643843144223,0
0.7046937172871689,0.5253295392525892,1
0.49453576230115887,0.5713131180512829,0
0.10550324398183711,0.0,0
0.24686822697759075,0.14473344290223306,1
0.0,0.08635396163625712,0
0.521962508784929,0.49791594317012244,5
0.3786767624873952,0.42272322803973583,2
0.8049889400811676,0.22830359769591557,1
0.5023462812565515,0.525668378208735,0
0.37376753124572004,0.2234108201529893,1
0.3397528300628478,0.47996644452162557,0
0.5363277606977422,0.15654161392560742,0
0.0038459308750985466,0.1535647654987944,1
1.0,0.38521358363949204,0
0.5299143823177479,0.5275596850348656,0
0.37704537607913285,0.13732464759978694,2
0.5127424033581321,0.28583775819909035,0
0.5767068276378936,0.4305689059175418,2
0.46985491559901416,0.4527082535022891,1
0.26554902609896436,0.42955515906918296,1
0.41033590442627893,0.2665177664035497,0
0.5635254578264408,0.2703183991667398,1
0.17752826173885325,0.13936849454983502,1
0.42887705422216893,0.15634966180347792,2
0.24256087053042455,0.1889091407722606,1
0.7986559514998204,0.4529938034420858,0
0.43990019298982463,0.16561912607959522,0
0.5921387394590681,0.10874801928461897,2
0.1841869191509996,0.22912193956330323,0
0.7034835784119119,0.4436081026230821,3
0.5338985203987908,0.6502134607863768,2
0.3787372504650619,0.2594727522081302,0
0.33663447400207186,0.0,0
0.28566345387500325,0.22866132777792367,2
0.7252382325090394,0.22432891532188692,1
0.3009739607327241,0.5070282451663289,1
0.2007762212846388,0.0,3
0.5968776296880702,0.2880564537225603,2
0.4461616633390417,0.34015525116235346,3
0.22142193062291554,0.1304240802152186,1
0.5094005645271721,0.3077406505467122,1
0.40063889695365484,0.000915629312871924,1
0.45431445324925823,0.17528315167808614,0
1.0,0.4120682812887502,0
0.3792859356292646,0.3043882465882268,2
0.4644170079980881,0.38896410533072245,1
0.5591804340417273,0.12195045315892819,0
0.5566974169174538,0.11551508076408123,1
0.5234847832040005,0.7414824329085001,3
0.24672821649784565,0.3953541095244697,2
0.7074612021751623,0.07628492642661144,2
0.3890768060664781,0.033745885177560636,1
0.5205177751959082,0.34959532617202976,1
0.3373639867499527,0.19169972563795967,0
0.35049831633631673,0.05423159378005016,1
0.40356503487206535,0.5381245757828917,1
0.27120276728673776,0.4535884938100358,1
0.4399353871017513,0.44487693886833846,2
0.7306109752881172,0.6761751872036043,2
0.5177837124321434,0.4415682855405349,0
0.5560847016209612,0.2052552548543165,0
0.26022348044692617,0.47338462212237653,1
0.5530665488579795,0.601122852885255,1
0.4010311193990476,0.10127108525580436,0
0.3473705075151471,0.43676830374527925,2
0.2878139823174351,0.0746890589301355,1
0.5732097557487955,0.3836599963674896,0
0.31009169149599347,0.30041996529774223,0
0.19093364048919462,0.0,0
0.07747119802441477,0.12699460150513994,0
0.2056823108776636,0.24430022095535853,2
0.23379315125043387,0.06864150706332987,1
0.446046217172416,0.2498477542738356,0
0.3051415485117246,0.5155299467018968,1
0.22215466761521657,0.18297141366281988,1
0.9496657191593273,0.6945333467124977,4
0.16511700642684712,0.5848058258110787,0
0.27877425633837294,0.37730911579337895,1
0.4146036389627703,0.4017757018811335,0
0.34517420235059476,0.13358295497144648,1
0.34296498658362234,0.3541322906590324,1
0.6080529503337456,0.5085258141096983,2
0.8362050306661921,0.9003964489797249,4
0.43490088516785674,0.2688702524901353,1
0.7759475597239304,0.0,2
0.5450378325960845,0.0,0
0.08948884132056062,0.41166937774288437,4
0.6773028272986639,0.29948068026674435,1
0.28142819666671015,0.30304573334549956,0
0.6189240887154103,0.439802080000396,2
0.40570445332617056,0.29244490231150283,2
0.5691000892922405,0.3667509992487675,0
0.7150055034188454,0.31152817479658446,1
0.6455426565003618,0.509514256291956,4
0.556590166268834,0.366833022350948,1
0.1296512882433284,0.06341764442023476,0
0.3314641366503732,0.14269786394546863,2
0.678432269786362,0.36666931899386174,0
0.5012578184793153,0.4457135216162225,1
0.6167826817878266,0.45767966383256575,3
0.44554971031076746,0.4868215849687696,0
0.369014950503746,0.4648186834628222,3
0.6016793328645722,0.46977699922629695,2
0.6808974400696037,0.5896993647462346,3
0.4148678280739007,0.3789717526670938,2
0.7738100287551676,0.6946707173858102,0
0.30786170455616635,0.3540946255627919,4
0.4071078272940431,0.5022184469559983,0
0.4854464415976425,0.384452098336608,2
0.28255318385238243,0.05841468794900152,0
0.39212483645871393,0.48203565999986925,2
0.4391651038897395,0.30285116280417884,2
0.290340284344324,0.2686000832490858,1
0.33706971285454085,0.06684229135475353,0
0.24293770641889267,0.21143141486246897,0
0.46476449818919857,0.5536025742431302,3
0.3231077868520573,0.44194445470485316,2
0.4529187543883317,0.3943257435881086,1
0.3181845561164698,0.3896850701443915,3
0.7199849669890009,0.6892238164165432,2
0.4333257670563282,0.31483955124695645,0
0.7958778939195473,0.1667692949547668,0
0.6131392354047942,0.5355763323535254,2
0.1938113848774158,0.12332438544277036,1
0.5770005462409135,0.25851380940978397,3
0.24798975500971987,0.0,2
0.35921291145268114,0.4000036427845403,2
0.6259654168359994,0.0,2
0.7196289683882929,0.38598351513061663,3
0.5663483145688157,0.4762674452080527,1
0.6769291050281014,0.5613958881304761,2
0.41583350224875193,0.26580870604121987,3
0.424310658366873,0.35997182027129654,2
0.22429184947884453,0.10911773835181302,1
0.37075012436988897,0.24287265655595225,0
0.0,0.1980972109849846,1
0.7309192886198034,0.3541330141912398,3
0.7950129407252995,0.2919756971406884,1
0.6496277609462934,0.14627691874005666,2
0.2951698571289597,0.5819183631822631,2
0.22464238383864513,0.32675450752575924,2
0.4793081809573359,0.5422788697652001,0
0.5003479254089398,0.7151750143170348,1
0.46829030711286634,0.07244146283837166,0
0.4510588191852288,0.15898497216464536,1
0.6157401649193187,0.1733736802779351,0
0.9126930644611708,1.0,5
0.5494240528750683,0.19436444427345972,1
0.8536151998654837,0.6055076083397173,1
0.7785980516174751,0.0,0
0.32399522574755746,0.5207835713434278,4
0.6973856285385314,0.5631449705354088,1
0.2105455584752023,0.17251741192046807,1
0.20266303563685867,0.001896698442834771,2
0.6627290955156592,0.40180848730968044,0
0.3223247552765294,0.0,0
0.6246331814966188,0.38776625207537957,1
0.3020748331269526,0.5142539157638826,2
0.4622316981237047,0.34147968302855103,2
0.5496442581694674,0.19293693517285734,2
0.603367155582763,0.5338620677306121,0
0.4828047293706595,0.4439007223416845,0
0.5567167037366665,0.007818426619312258,1
0.6027000456360999,0.31673515332267327,2
0.38909133983511024,0.9333595575103163,2
0.5277493341242432,0.041046259314434785,2
0.37589016814583254,0.27419396075585456,0
0.6964154816728367,0.8583430825735832,2
0.4658544762530685,0.4356383968608335,0
0.14031510537994601,0.12093083600899354,1
0.1566860339621493,0.25723496604954965,2
0.02624328092310063,0.2211681064191554,1
0.22452969862832306,0.06521811706068917,1
0.7217354938124212,0.3506690280103026,2
0.5313666145888648,0.3286250584406138,3
0.34946720399645703,0.4078899444566223,1
0.21107198209947592,0.049070019511806395,1
0.4501399680775836,0.21599981647189165,1
0.1481633976552478,0.21360276436197126,0
0.5149511522196225,0.6626634646118019,0
0.22986479251198447,0.30060263927308145,0
0.37027208429953073,0.07604510117701575,2
0.7894833282669317,0.7109231213317372,6
0.8422647316562881,0.5489339457261507,2
0.5037747113436405,0.7554780445311992,2
0.6879874847484948,0.3996597144178397,4
0.5331956878160493,0.4311046058862811,0
0.4717070304332992,0.14409333787387685,1
0.780093314310006,0.5873803145640336,2
0.587145632715171,0.48829005363101513,4
0.44250324435640515,0.24151973039219188,4
0.23725637571941627,0.10120507719439704,0
0.21979125437490585,0.026013524604906996,3
0.49040949102843157,0.4285947701992938,1
0.30954123200397227,0.3904746309705909,1
0.49017535017025693,0.39004692462114154,2
0.6269021529101106,0.4471776319560529,2
0.6049959009996542,0.2783005742277903,1
0.5557581166933607,0.28577017964112633,0
0.33361238217028194,0.32537903125802303,2
1.0,0.6445078714705735,2
0.2717344358921643,0.7632288391578829,0
0.6501790351629143,0.4543752177852379,2
0.3691650865282182,0.4826275621209185,1
0.48369588181295825,0.4112839473779196,0
0.6467471375224193,0.36721869740210633,4
0.2281618364763641,0.574394631343352,0
0.4309209871353557,0.17954388444334085,2
0.6535356352593026,0.527162678646999,1
0.7222352990945716,0.45706134404948134,2
0.6827589571152944,0.14311911241495653,1
0.6490916201279563,0.5473611925493107,1
0.6351886322834882,0.13449199561812558,0
0.4227886081087156,0.6360299171042881,1
0.9077518372999611,0.14262288806379575,2
0.6828067176926735,0.25713998053979026,6
0.3196374695393487,0.0,2
0.10350738473295024,0.8443579189912119,2
0.8031644727808238,0.20118024035123733,5
0.06915241189818802,0.20198161885075694,1
0.49220980146674076,0.526498094449185,1
0.6331307381533067,0.6072542979124701,3
0.4799338384998838,0.6050694441297587,2
0.700856894825977,0.3094526112543792,1
0.5253883793991412,0.553404311052151,1
0.7696030306030428,0.6189388891672674,2
0.22307916241485296,0.19768527833725835,1
0.2576562515858587,0.37710555468135865,4
0.6047886273177164,0.2598909210171575,0
0.5964424686745364,0.2639683198148259,2
0.373013364201651,0.6544664650721292,1
0.6106643104133623,0.5479424825823558,1
0.7263329555764936,0.11117345104479773,2
0.561766102289396,0.36681029211615523,4
0.6946647557093684,0.2308729644714264,2
0.6643401174614233,0.4489188549707426,0
0.3966091704073341,0.33043326494011704,2
0.30945420332955875,0.47218837234940225,2
0.5749724314354605,0.08114358746823566,1
0.28788311391305615,0.11416388898232335,0
0.6188613355467871,0.6033236057639724,0
0.1771647912724268,0.09019860819565596,0
0.3286548011217212,0.02578350014009967,2
0.4540469553875357,0.11263066248449646,1
0.46587584620395023,0.3000064141543471,1
0.14178039519512556,0.45274233702087163,2
0.7218003185836822,0.5712809722805703,3
0.9018256020344416,0.6930553289622872,2
0.6632507638493786,0.5605778338190778,0
0.27606343779242437,0.45124396721827453,4
0.2399992181230164,0.08399691979629365,3
0.6157363316278717,0.38290389837610933,1
0.259499396681925,0.0,2
0.21041655120735467,0.2089199003024176,0
0.5423460086229662,0.4405442205671389,0
0.3356814063475962,0.2529147417936088,0
0.004305732826403452,0.445459550227545,1
0.5619070344266792,0.2625890463116082,2
0.3351444957078797,0.38758232786858837,0
0.30461531364598793,0.0,0
0.5145186067116341,0.18062404500495274,3
0.5205854282054898,0.48746849711047757,0
0.332547966756376,0.27816411180397493,0
0.40343385208003457,0.36946278282116324,2
0.5468672086367458,0.22782979256179273,0
0.5403456824177215,0.0114043669021065,2
0.2893092579404305,0.2529627979171224,1
0.4818620847362628,0.559136288172017,1
0.6087404150955597,0.229459384578266,0
0.6565535094576322,0.5319354372437192,1
0.7255267071750819,0.4212109972195394,2
0.3174071867495225,0.02932787859133018,1
0.5659954900186466,0.0,0
0.6012454266955177,0.3896943294656321,2
0.24707715206523495,0.17974962177792841,1
0.9973821650521366,0.2620290498056535,1
0.7340900799295016,0.0,1
0.43090942513967356,0.1357603847030241,0
0.3736359563641054,0.35319024846053504,1
0.40894093206113447,0.30307787245480095,0
0.5649920736661709,0.22020002867694544,2
0.7303661191699372,0.4174587734990487,3
0.4907643437890813,0.49163921488421924,1
0.4808529342972559,0.4047414192053729,2
0.8318815007007327,0.4007640803306319,2
0.7405687315112962,0.736860343060455,3
0.6926719859895287,0.18465379922088584,2
0.5510849747506561,0.37102216824127315,1
0.4419487579728372,0.22388913286976864,0
0.43208518338968666,0.06699304598720898,1
0.624477397864503,0.35902382522682563,1
0.2451490894017461,0.0,3
0.6828381400923189,0.719212634323241,1
0.4308966073088033,0.1911021014302959,2
0.2184047197082233,0.547830516597633,0
0.7131966857062435,0.2841502567245325,1
0.7111228732136747,0.5080848433920593,1
0.0,0.0,0
0.34628252309014257,0.34333587217252703,4
0.19985554264004785,0.46025568828973634,1
0.3320423742040091,0.4651626676302446,1
0.0,0.45747688801275543,0
0.24750844847717893,0.11397327758405391,1
0.44084161568447977,0.3324210874928025,3
0.3905896670453174,0.0,1
0.2374587395226142,0.44150265208388234,2
0.5716616893025894,0.6079331801934369,1
0.42320040867045533,0.6630028312555389,4
0.581277728074119,0.31022387522318234,0
0.5969008876697759,0.11634219630383863,2
0.5243911438416194,0.0,4
0.09238953715429349,0.30730046959410284,1
0.6507022509439959,0.0,2
0.06869185656644825,0.14303218822094158,0
0.05343982861198332,0.1399201705438437,0
0.5720572876374617,0.39534629926437104,1
1.0,0.5879076272735566,1
0.662937754582061,0.5129315247023168,0
0.2872203043107099,0.0,1
0.2332287880145917,0.3175919209759795,0
0.9245792970473957,0.1019677866574118,2
0.8697137286389163,0.6551597179608581,2
0.507418037527268,0.16131469896137463,1
0.21139487969549126,0.0,0
0.3583178123395754,0.16218574383979317,0
0.23443788198073096,0.18586928584210277,0
0.7358481972692287,0.744427048914563,7
0.5305590778840171,0.5241616724431036,3
0.5648482620625864,0.5879115053651018,4
0.2553899580055522,0.4595048227236277,2
0.46392829587000184,0.3568823479184461,2
0.3246215734162237,0.43456043912414255,1
0.6965935675287023,0.5754110373882625,1
0.31265527752605726,0.0,1
0.7791404376669435,0.8702514050964937,5
0.6685348170373342,0.16469765843928935,1
0.15652074958627793,0.39714819392195055,1
0.3407875982641543,0.0,1
0.36686147101197364,0.36123712559002963,1
0.20656532195010213,0.6747986212276414,1
0.5930059933803005,0.26796061984728003,1
0.18219489838681455,0.16881583934897543,0
0.39270442998598115,0.387498571936881,1
0.8091866400566124,0.37828812409091667,0
0.724495018743756,0.7736061943092372,2
0.43860531611263154,0.34185716537085353,0
0.5678607248560363,0.37153100105769743,0
0.5383026373942574,0.16926599019640895,2
0.7912722186939811,0.2964578863812775,0
0.40445123788768095,0.22249319627451236,2
0.23245903218484607,0.17605047673285046,1
0.0,0.03222602013920782,0
0.6879151163143286,0.3337321832158325,2
0.44590487931456135,0.7405849248176126,3
0.4955069415735618,0.021535749466128323,1
0.6214030084236409,0.42660783861034507,1
0.4376893159160168,0.28479265770525364,1
0.10482688392424001,0.2726236617949125,0
0.5792058096832085,0.2742168668701516,4
0.6618339942711293,0.47067950142631737,0
0.9328700711891091,0.661670961592089,2
0.10912882908792476,0.2828641415729103,0
0.5444363387585687,0.30462446374404556,0
0.3155143856748386,0.11687658947932134,1
0.3216113340422523,0.15959262538681135,0
0.5522332148480336,0.11101604829495096,1
0.3807685394979742,0.18780776551458161,2
0.03866307798503285,0.14400475331229146,1
0.6829770980989571,0.46098875819252016,3
0.7648999004284426,0.902384073492318,1
0.4705894643636644,0.2733362672120228,1
0.4349638337365043,0.45500073894938414,0
0.8357571956156774,0.3693717819142547,1
0.8215057966503027,0.7131357925561077,2
0.7272812615360432,0.5022723918346322,2
0.36820027007276585,0.010311540099474603,0
0.6397172240216025,0.08571189733627493,3
0.3965664371450897,0.5914374862097574,0
0.5799801316397009,0.3715888289463413,2
0.5019881147137979,0.20578924449579888,1
0.19175011661139618,0.07757320744635271,2
0.0,0.06459675309809937,0
0.2203010506564239,0.6637401047690463,0
0.1712304197006468,0.04215082739746853,0
0.4621246719208771,0.3555709056205527,0
0.6518038264804183,0.31959808403721984,2
0.29164991797899875,0.0,2
0.3743386371591251,0.5101559305393207,0
0.27282146352578046,0.17490345730716778,1
0.1593384902437554,0.3003334827264994,1
0.42187870608182354,0.36025418186793773,3
0.5406532853910484,0.650403054980618,2
0.3671207427622222,0.06212791372853477,0
0.3144132053041669,0.40475046817664045,2
0.5502987888107491,0.18165720186261677,2
0.2889913740337311,0.12446163715179936,3
0.20014549384413355,0.0,1
0.7383345862611946,0.8155276166759414,0
0.3818791659206979,0.5013511348007738,1
0.5450446455870225,0.1840977740025841,1
0.33883899492395436,0.013723347770156963,1
0.29084066220390414,0.13947477246868278,1
0.4769077667691776,0.38425943001138885,0
0.9943821262168487,0.22535401700632313,3
0.2850712796937447,0.27061454550553865,2
0.6411186447272981,0.8220382871067253,1
0.7813713394867726,0.29064344377585305,2
0.3692221030439401,0.30319818842586044,2
0.6749778122365808,0.8517191917269393,0
0.4010647268870836,0.37765047287853415,2
0.6484734685647439,0.2866972618550304,0
0.1480994586698103,0.3656762213232954,2
0.4494243627984327,0.2472797658804391,1
0.2518756571378406,0.5316319807659564,1
0.5589964407260583,0.24800022110709874,2
0.1299391315375681,0.0,2
0.4432436465606443,0.19564709723074591,2
0.2877332975995485,0.07422148763591907,0
0.3799061835495527,0.2867825219879075,0
0.20589224883097804,0.2441900737373306,0
0.4298964838793109,0.5892451530276047,0
0.20333954324898262,0.16752366992661777,1
0.8601220714918504,0.6573833593299698,3
0.45972796925612464,0.2553140523359484,3
0.7623395366712625,0.14707868259182597,0
0.29902443232543435,0.0,2
0.3704324891780501,0.3406086997697375,1
0.32795662816099524,0.33943639783323554,1
0.22686420850221367,0.19428926466563237,0
0.5319603317383874,0.31836574940573387,0
0.13156999195679975,0.34458817137259573,1
0.7823224515549347,0.4337022393997237,3
0.42667769858786886,0.6763534978494916,0
0.7034940855390326,0.7198712124803142,1
0.24436316105555178,0.47173182664724933,0
0.49043636828970016,0.4490777795246462,1
0.5510132944393051,0.2076796532214059,6
0.3539810021415121,0.39526485768826997,1
0.5374047153945014,0.3592767590253578,2
0.6244766347938184,0.47538886224948995,1
0.5090256017505139,0.457152976202249,1
0.2567168829123543,0.4559080940424665,1
1.0,1.0,0
0.509188289123728,0.1578794765175465,1
0.6829523618806685,0.5894532728690627,0
0.3696630025289196,0.24365253678449497,4
0.6363873154848484,0.6155266145956345,2
0.21161351187858835,0.39305258148803723,1
0.5640472815664815,0.3350134389184859,1
0.46015314933914564,0.6283937894732594,2
0.3022803316329008,0.1170782299987295,1
0.5968723071258981,0.3697957120625863,0
0.9761329002220035,0.6080442923902604,3
0.6754984974561362,0.4810000449999896,3
0.5825009633002758,0.2831617644031239,1
0.6092143945552524,0.6041135166601221,0
0.4843304170849239,0.2332189289904597,0
0.0,0.0,1
0.4970144080112279,0.37833395041529716,1
0.46439714500917667,0.30983396596231494,2
0.36795380017832474,0.35144228408272915,1
0.5522592934718333,0.37544182581849583,1
0.16540302329930195,0.18703568518948144,1
0.4804407050346513,0.2627930807101367,1
0.6921898589549623,0.4239199672537663,2
0.48621551291139115,0.20770902695204352,0
0.3948037547665607,0.13634563369670127,1
0.30290618665989166,0.06789024054777171,0
0.7441865483180905,0.7353166960081302,2
0.5073046209164533,0.40135530457386664,0
0.2788478253287079,0.6369758611022442,2
0.14437639627068408,0.12189594548897628,1
0.4564505973512638,0.10453107020312069,1
0.32263424581944283,0.6923938279788614,0
0.8871643541430256,0.48561926228813995,1
0.832019839726386,0.548759602299143,2
0.31286782522419354,0.32906486812297164,0
0.07201107856504707,0.5778587934433164,1
0.6832680907309846,0.45555106483882113,1
0.49841398382461366,0.18521239131565717,3
0.0,0.13471291513760056,1
0.8280090265796664,0.3564708117096021,2
0.1512515670741419,0.11790104958492614,0
0.5156636546279684,0.15155273686585413,0
0.26863728488751526,0.4232808933992591,3
0.5079291686169298,0.5355363458076159,3
0.596658097533497,0.4778581982357565,0
0.5419346342353449,0.3714044353211616,1
0.5483598152743283,0.19512492961646877,1
0.36455995276853903,0.28563007835563775,0
0.32473894227197375,0.5141143850142338,1
0.5749034358182775,0.6692003980794057,3
0.4302909517752153,0.046660407527444714,3
0.8332004699319094,0.12107967867618957,1
0.0,0.059836407323227064,4
0.3158377084055771,0.45330443177098256,0
0.21831603652865753,0.5357292679143135,3
0.12260139200346487,0.07436407944430745,2
0.6462806057531536,0.41232784701326947,4
0.333648806517734,0.5432548508680007,1
0.4706465458986525,0.365324358402661,1
0.9199770640741711,0.8315768887267843,3
0.41830705220064734,0.5429307347175171,2
0.13202749644687417,0.0,1
0.593246624802864,0.1477746379067189,1
0.6916536620247608,0.5169984197729575,1
0.3764984852476935,0.2071867454069739,1
0.3565095745116288,0.43215243104470635,1
0.1696210072862192,0.3945388032136687,1
0.0,0.0,3
0.307600825592646,0.013545866389996941,2
0.383210195923182,0.0,1
0.6651205343425254,0.41788679822405417,3
0.5568308161839107,0.3419009989787662,1
0.046215068499024126,0.19263538845977368,0
0.6763254425432994,0.11197554477454336,0
0.2349799048488439,0.40062853093775885,2
0.47907078180155854,0.4562554846944501,2
0.4068670429473333,0.03486410706241411,2
0.5167303590412504,0.0867603621721324,2
0.597576759946133,0.2777252201958668,1
0.22565048776627333,0.590348400776489,0
0.42973001148444107,0.7824681083285896,2
0.4490630485361552,0.4249254800132451,2
0.3278133173998265,0.12545179496394857,2
1.0,0.6131469744610049,2
0.4007651143403378,0.11901744205023074,0
0.24249529817194584,0.05922606178355552,1
0.2940230394741541,0.0,1
0.30619720688834795,0.43224476760109654,1
0.317366871330269,0.20383134410614367,3
0.5533290763077614,0.394547543286425,3
0.5114534862012851,0.0,2
0.6557611581623778,0.3752207852796704,1
0.6173566344567518,0.0,2
0.716344963377175,0.7529621299164938,2
0.34297009353013685,0.3162320148748365,1
0.33711613507193955,0.23470533000132057,1
0.7770536538602879,0.47605331016341046,2
0.6064856548151594,0.24879007487178445,4
0.22910279920173454,0.18391253768009896,1
0.08617180885718612,0.4519364285192676,0
0.4274126911637983,0.0,1
0.7920009423502195,0.37712495322333,2
0.4357592190924051,0.41261349792645596,2
0.4898471089396811,0.38245988783036877,0
0.506098932590268,0.5624549611966339,0
0.1432036716224148,0.030511353620509024,2
0.6543052141630005,0.22271269543315309,2
0.562747819785532,0.06662477705635844,1
0.25803508538384434,0.5234815531748964,2
0.05199637266549542,0.10514666488227414,1
0.6640580066335895,0.3374639696912435,3
1.0,0.46976167107358047,1
0.4045288355185477,0.32836014040568184,2
0.445578437458839,0.4721275394281685,2
0.9858398255406134,1.0,2
0.26927847349879613,0.3125334614530084,0
0.8909916619219865,0.38632415446168056,3
0.6949591643192614,0.28949904529143544,1
0.0,0.15758831274576407,2
0.20742176285516908,0.0,3
0.45512707622409754,0.22740134645746957,3
0.5209017167046964,0.5054008093598441,1
0.3876665447399163,0.2561882357026185,3
0.1427316578300265,0.004963048351046578,1
0.10011020622423933,0.5734210187251992,2
0.2780204282879377,0.0,2
0.9769147200971136,0.038154207540863905,1
0.5551123784003862,0.0734802701238996,1
0.7495898806907126,0.0,4
0.8483588939965414,0.5784447441905474,0
0.3011608828715593,0.03078638686814418,1
0.9579559145581911,0.4193534689727383,1
0.5833158618315575,0.5992952964461111,1
0.447099200718237,0.194361337028433,3
0.7340630603509969,0.5604329853495147,0
0.6494917482256058,0.6042555587007667,2
0.22693832762113605,0.11812061721684504,1
0.5029478115301202,0.57523279282805,2
0.46866349365299986,0.26512097964606146,2
0.5157116116481475,0.4585103728940365,3
0.5652420406482938,0.0,3
0.2956169936502812,0.027367044549825414,1
0.6887309292976485,0.20313947048519693,1
0.11922781027739271,0.0,3
0.32915919832836993,0.15490144161718272,1
0.14009223222953088,0.1489379538699647,0
0.9358132162471557,0.5157474299668652,0
0.5640298807085757,0.2878713804025794,3
0.3830083190956518,0.19268594471390318,4
0.5834124296938509,0.24737405268785903,0
0.3686545859729631,0.023469897392197125,0
0.31657629286772104,0.05451364207074963,0
0.651099950134437,0.044902897536456765,1
0.2749380053553748,0.29300788288021884,2
0.5814560276569797,0.34503449691014654,2
0.12685397372430463,0.4931262781833841,2
0.2060714877861029,0.0,1
0.6167394292802744,0.13349965489119425,1
0.6439824371505066,0.6410191442262614,3
0.37392609198698584,0.06691855286317908,1
0.7149286723576695,0.2785356182762109,4
0.47077800422958843,0.10318362748951018,3
0.25287714037872777,0.0,0
0.46932859362572965,0.632058594066663,1
0.14686787780205446,0.15013218049784194,2
0.40962289061005175,0.3360674050483798,1
0.42349108601261565,0.0,1
0.15080070246226993,0.16154452567984823,2
0.5347001517558148,0.530963910162286,1
1.0,0.8680091417399552,2
0.43954081581092036,0.4005857084451294,2
0.33531560207422817,0.11070229515324398,1
0.4244711821845839,0.501805429309031,2
0.3926900605581191,0.39277806783123786,1
0.4646660030752047,0.0,2
0.3609243053990437,0.019214995446360822,1
0.41113628945676206,0.46711254108952327,0
1.0,0.634180186768559,1
0.1037507870202054,0.0,3
0.200462551686222,0.508272436365408,1
0.4112635694554508,0.2720456109299801,0
0.2364900145765006,0.36126916935674125,0
0.7284016721879268,0.34978977952311563,1
0.3637139792054933,0.3223287674002056,0
0.8136935822915419,0.60352026950742,1
0.1548698141335822,0.1964005939426787,1
0.6622365641475771,0.5255714834129632,1
0.7380203215665365,0.34188996701316465,0
0.730376100005931,0.7606923821941688,1
0.8074310655246463,0.3108351552218187,2
0.6892394006972684,0.19771379848569548,0
0.6749837584751278,0.3352862507256985,1
0.4854111736786668,0.45863769586246883,2
0.14276684382509658,0.309853459568707,1
0.1675845884804951,0.0,0
0.4443385507942509,0.6117694551505205,1
0.3487386047940064,0.27886735038041555,1
0.39717172912044996,0.5102946099166262,4
0.32332025000758435,0.2526559204951172,0
0.5760922875600215,0.314973901649841,4
0.4264685785362502,0.23194683011761835,1
0.5246661731686969,0.511117830343939,2
0.6827938002654804,0.43616316313914955,4
0.6288847048737067,0.4228541099762064,1
0.30672119188510455,0.10315080794749987,0
0.5428701918009464,0.45966963369954894,4
0.10208586233498451,0.00683031410562876,0
0.4901798609791417,0.5602225560832869,2
0.19634318569970716,0.2269647033973556,1
0.4980331920905033,0.30297769080352177,1
0.3259952945820792,0.18681780900824757,0
0.3530606921995735,0.3196216466347622,3
0.4960389903209441,0.5891943601721279,1
0.6994746904104214,0.3412866896744009,1
0.3443372052721799,0.4955962161458694,1
0.36164647379013976,0.0787697393877948,3
0.6179564232125395,0.43427849917445666,2
0.6517363991204342,0.29133238478714696,5
0.5873837518716518,0.36486261371632656,3
0.6366297293639601,0.42949080108053495,3
0.2147957681444076,0.27245700571235837,2
0.7668822248721012,0.6033489043993625,0
0.5494977046153294,0.21489429095018112,0
0.1186245267767513,0.26221184200080805,2
0.12873091154651772,0.06792683596858085,0
0.551538232213874,0.36704280938119177,2
0.43907484824156623,0.0805403886467167,1
0.5916587735445942,0.1163722996864649,1
0.19222828286948757,0.15445145336408522,1
0.044032883852775456,0.48167783507821743,0
0.5802168425825733,0.33225396098498367,0
0.610297778059533,0.660987509079747,2
0.5751042632186455,0.42892924899216495,2
0.17809163288023933,0.0,0
0.31199290559241194,0.530223486112762,2
0.46328781064581276,0.3871491562607818,2
0.3824667993379174,0.016858398090787485,0
0.7331656060003284,0.5416717910080315,1
0.5905606915685228,0.3726473501413695,1
0.8888882874787715,0.082416894678635,3
0.2771222417739665,0.6294900152380087,2
0.5751497607924168,0.4061239459837744,1
0.2671672363986676,0.7337311764410496,2
0.5050074949334546,0.5037787314935619,0
0.6084004857670801,0.3804319964159318,3
0.25005776337086066,0.3574187902617766,1
0.48074315829244896,0.4008111246657073,1
0.11906667515460045,0.5220757541895793,1
0.4007594092535633,0.24422554602848423,3
0.732773199957641,0.540537715769904,2
0.2646019825687396,0.011122701015983477,3
0.18213197073947848,0.2417858841414523,1
0.5693667437139432,0.07914614342188048,0
0.27486805304367884,0.40536721911184437,1
0.4623872051853932,0.4947947827630218,2
0.5476866122226278,0.47023105507463403,3
0.45220558974373287,0.24509883201659646,1
0.5075072581650628,0.7246700603125349,0
0.33161635971292897,0.4977507370645784,1
0.41654035956911123,0.10574949602769498,3
0.6314217155779448,0.32757229973608937,1
0.6709391185765587,0.20652031625213876,0
0.5693530268530352,0.6039124927562126,0
0.15038844710216215,0.09208521589298233,1
0.4555062122427219,0.5914982058783409,1
0.4511214337807018,0.6608466892884266,2
0.3739823625058998,0.0942571819724711,3
0.4334287673557501,0.3331591777288452,3
0.5473951523869542,0.30869402305302357,2
0.25892775562080006,0.3883018385828578,2
0.6419053845632324,0.7554026219449785,0
0.42176626159265085,0.0,1
0.36821352016756526,0.17364303590867947,1
0.6359041152143169,0.39446309813572455,0
0.5355688489719576,0.04115115080997778,1
0.14816197450794533,0.09023516734645917,1
0.7334266707126921,0.4520135760703489,0
0.2691237429433964,0.15748726474616223,1
0.06190308058047825,0.0,1
0.7092193390876547,1.0,1
0.6298310084025798,0.5834912295796277,2
0.5665673265719637,0.34907582849827773,3
0.8308674132159868,0.13001333115333177,0
0.41057168357012447,0.4221314805069164,3
0.2643041533229599,0.11727105552925465,2
0.295655725292291,0.013582411975508302,4
0.41208196028612887,0.02674623510606547,2
0.21960725432422798,0.405710230540716,0
0.6805773170463713,0.9308152868681687,0
0.2823949660819828,0.38674463869917874,0
0.7813117419178683,0.6906589962654341,2
0.7882998137050843,0.41489185034222437,2
0.30968868622403967,0.19701740068156387,0
0.36172336059916166,0.5621669620035568,0
0.6271767339639773,0.6046792528197724,1
0.3011243087400024,0.5497994182253649,1
0.2378749296073034,0.1802532271405296,0
0.5106423544735392,0.2959270240229361,1
0.27975797510512357,0.36733686020120476,0
0.8924575787000337,0.4689807890711044,1
0.28184307258575697,0.314881117643858,1
0.6094007777244785,0.5273060164837838,3
0.46910822830741267,0.38178017381824036,1
0.0,0.4423602192567542,0
0.5394905594862092,0.37117856943908206,0
0.24064935988227765,0.0,1
0.8223112137670033,0.48582187994118686,5
0.25064477844706745,0.6213437365336545,2
0.3290850932414114,0.1973872813528219,2
0.5498955631984548,0.4720915292183024,1
0.39686296102855556,0.47756224741412734,1
0.3361835753615115,0.2576016945177301,0
0.3653281020773226,0.42002604486452194,2
0.7474839611541404,0.10604828769517707,3
0.38628823964039016,0.0,1
0.5232136393763946,0.1776634401496424,0
0.4350245670031264,0.22986687584326854,2
0.9912751360081509,0.7125448785827835,5
0.26143140835077094,0.3014851803732022,3
0.817894341972512,0.26043196137185987,1
0.5169409223498529,0.10415799103849854,0
0.29174308423421363,0.2917863156014048,1
0.28144222529634316,0.5720675281304466,1
0.3909281947011818,0.4263670502503214,1
0.21120065807478988,0.34503649595812574,0
0.8768666884307281,0.18568470103908835,2
0.3823180855615682,0.2992493243806554,2
0.3675618652585288,0.658635793376794,1
0.33513779548999334,0.5172902294674233,4
0.4345297766775082,0.10036011108214515,5
0.5216025749422837,0.27616511704441327,2
0.7689918812636667,0.5546908349387629,2
0.6300332037339635,0.16164547912392582,2
0.0,0.0,0
0.8661737412601962,0.5143485041396141,2
0.8027706466884874,0.14131566609537946,0
0.7020254936230899,0.3820718120828055,0
0.7456445754616332,0.25202452656554974,1
0.5619631798167318,0.3942709765070317,3
0.0318664328267112,0.16459296660349776,1
0.31154732021659204,0.07337655081992764,3
0.6747412530683826,0.3182155546151484,3
0.18787924371512496,0.0,1
0.3613498494839914,0.37818826690809076,1
0.6678809006026675,0.0,0
0.4290050406860002,0.24208420013592608,0
0.3287704602769239,0.35259114291812965,1
0.705833382497855,0.25724312851390785,6
0.5950119686302834,0.5094337602197632,2
0.24531190406583556,0.44825649978026516,3
0.6367201883571074,0.0,2
0.48038159363516475,0.40336870042753986,1
0.4827823360568426,0.0,1
0.36329615627991396,0.29726446554756847,1
0.5371001876387806,0.25600690295819517,0
0.6321630322198091,0.0,1
0.5434528771054505,0.7441747902602698,2
0.256223253358232,0.28853071672121094,1
0.31477187481119595,0.1572151462240731,3
0.07637085142040273,0.5297353221925423,1
0.4272766005027717,0.050780012875685065,0
0.2863394708686827,0.0,0
0.4402925882180001,0.0,1
0.8792320482835128,0.869581645211583,2
0.3837185660871,0.38187680383403977,2
0.04219853702183335,0.2540252141330356,1
0.0,0.20174630022998866,0
0.6028511476049994,0.48634267567248557,0
0.524463498570311,0.23750456766883457,4
0.8734974346801556,0.5326677946821868,3
0.6577418122721685,0.4073970172796482,1
0.4995619263119203,0.16092793899139057,2
1.0,0.5503358736474897,2
0.6682866871404546,0.48765104220188865,2
0.7219248405153469,0.45961359628863097,1
0.476333694390295,0.07156147001700297,1
0.5341498584590394,0.24792212113939516,2
0.3492887042425487,0.5328745143055178,3
0.47239532298243586,0.2702396159571635,2
0.3261813823332224,0.33888957292780697,1
0.5745352350129278,0.0,0
0.39382233626629826,0.0,1
0.5387963770830317,0.08465957982908698,0
0.499075513555054,0.35052295569976827,2
0.41735606234127753,0.19184715178736142,0
0.29527336297956536,0.6050238606153006,2
0.2810992685287296,0.310618589629643,2
0.8709510383275846,0.9241204044484868,3
0.24859855582790863,0.2541068009524355,1
0.5006438170850687,0.0,1
0.3247290885471281,0.41948701869847027,3
0.34489094621642014,0.0,2
0.6945279474031749,0.3067051259268596,1
0.35359331351946677,0.10243838264572766,1
0.7348597591181849,0.8208289364565098,0
0.3961970474796046,0.6073844854089414,0
0.3677537316492761,0.03455553847886714,1
0.9754893106984484,0.5599293396537642,3
0.5572181063803756,0.41708063148567043,3
0.09746436908502915,0.4881285795549857,2
0.5937999007004768,0.4195738045654445,2
0.45351422166019806,0.0,0
0.41728086165115236,0.09319938784788437,0
0.5772285039356545,0.356350511580529,3
0.34581468524326203,0.6697986534887611,1
0.4558529654800564,0.4803124303641294,1
0.38611442142246744,0.07240455840182294,3
0.31162347520374223,0.3047207441219539,3
0.8165617591597556,0.36665625172224214,4
0.15186327140137454,0.2995969003086703,0
0.4809919158734657,0.7994848956763965,1
0.6028154524739263,0.3484862471402526,1
0.17905818653737834,0.3892907498541025,2
0.0,0.0,0
0.5072148657436777,0.2873416349086568,2
0.3453343578213066,0.22938205096598968,0
0.38713909071902963,0.29716901091496234,5
0.0,0.5230474123472643,0
0.4732464003993964,0.2038312163309835,3
0.5510250045553438,0.5310094187362472,2
0.6613622263322514,0.01846433871923414,0
0.8434884572662942,0.48111613706709333,1
0.0,0.4461455063911155,0
0.33233993997614314,0.20057657438123822,2
0.23294852024616924,0.0,1
0.8715506399315132,0.44959834590119585,2
0.2268612628633878,0.334061971098158,0
1.0,0.6784722606088873,1
0.390602320681361,0.661337361895179,2
0.343622601217675,0.17460516021436623,0
0.2488370504265847,0.023724585704538365,2
0.21912966976323633,0.0,0
0.5125523108736719,0.28835008129462897,2
0.500777363338456,0.5586096852792757,3
0.7772471325576866,0.3986734248452591,1
0.22973541514201024,0.3568904146437975,0
0.6793704512144843,0.6486601433079544,3
0.7379690727239817,0.25369729538895625,0
0.44236766497261293,0.08517409418289063,2
0.6216768672441444,0.27440806178453636,1
0.26696453486193605,0.0,0
0.273023055664097,0.3875152960629221,3
0.9674474357857338,0.4984908123416873,1
0.0,0.2819048808644242,1
0.2746093152279424,0.37381079682651636,3
0.37398435776465255,0.3871516734054859,2
0.2851192063084789,0.11642585496482506,0
0.352480003207063,0.23350419293263838,0
0.4506214287692303,0.05208726457255858,2
0.2323934127911677,0.04719098100184321,1
0.5056527725422424,0.46674356898613156,2
0.0,0.008324787915067078,0
0.5459804993412384,0.4779327883680897,2
0.7176114081344128,0.2977624276867834,2
0.4293368703512921,0.1774249821040766,0
0.6365345226261407,0.5518390923669625,2
0.6350967718762309,0.5210776619538467,1
0.47970079518671677,0.5457379979146589,0
0.5842396083482587,0.42277437459205336,0
0.6707058098506842,0.0,1
0.29398115198159214,0.4224394490711718,2
0.3383687935641405,0.5779704667837465,0
0.5767103101804663,0.20637448150816504,0
0.5607563131308998,0.37193382678426046,2
0.3001585216951562,0.10381087137950212,1
0.139599345511378,0.0,1
0.24120552182382796,0.051396766739790906,1
0.619493816319571,0.16649941291941564,2
0.42763505054293327,0.10799323744272116,2
0.0,0.0,0
0.4940473754793079,0.32176265814155935,2
0.6797723729182734,0.3397975925007638,3
0.0,0.0,1
0.5751398115744731,0.45782672562972593,2
0.3625937564758249,0.45483523742287935,3
0.8670897165794155,0.9132506337637121,1
0.26891559603354104,0.49427150755764837,3
0.46772743400479255,0.2559768547974257,1
0.6239282420674492,0.2932867514373404,0
0.5819060460373017,0.4396032428663108,2
0.24607417600539072,0.4444535162289418,2
0.19312342718607334,0.2638296833157196,4
0.29204555099747675,0.3843375887768772,0
0.306701346658574,0.0,2
0.22770721857918608,0.22866085781038906,0
0.6459433032459336,0.6776448122356509,7
0.5043287733348945,0.2365586856842627,4
0.43671328595492465,0.2052486990345943,0
0.3269733075961863,0.21578695441960666,0
0.31481494318958647,0.0,2
0.5457127756519191,0.7400703703218005,3
0.3194640528721542,0.05739046892007682,3
0.6079380579414659,0.3161613574337175,0
0.768628995590394,0.6135960529260696,4
0.4361875552392432,0.1023440943940419,1
0.6393114325100178,0.22001446210654838,0
0.3576028319628034,0.21532647523914286,4
0.6368533608755156,0.6403806591266283,0
0.6449769249672543,0.049008700701984875,0
0.3995065607022088,0.1829852559275006,1
0.6193170353695098,0.09841569046778187,1
0.1559754795190547,0.0,1
0.7355407038915707,0.9052284524351301,3
0.8028000019230476,0.6300934624436442,2
0.44909037490597414,0.2585724468976787,2
0.7011545800754408,0.24179447958076847,1
0.6254704927068595,0.4545407054755085,0
0.4724227558984665,0.17293332990373006,2
0.6182027632064995,0.4661405588174484,3
0.46665569311497557,0.18809873842151628,1
0.677218724335282,0.2504319789427948,0
0.5345470312787177,0.5040530753442076,0
0.4094222396315419,0.4125648563296307,0
0.3979790771684324,0.353611614024941,1
0.028748241203855773,0.0,0
0.2633372572279983,0.2130235020954142,1
0.6405069845318824,0.4689677862311805,1
0.23884085584055725,0.17449671006869444,1
0.5095647536041671,0.5436107137128012,1
0.679211739289832,0.0,4
0.4217172239546483,0.10510124564225526,0
0.2671767010870871,0.20282946152657638,0
0.6995593068313495,0.0,1
0.97381988739606,0.18852097795957617,1
0.3820324545812511,0.3770375538334622,1
0.8105186484310277,0.5198135664749324,3
0.5522392656578445,0.680012131615487,2
0.7667999989544266,0.7901165236001886,2
0.6681403630886358,0.5668611993286059,3
0.6509713325895305,0.5219568277964131,2
0.5407970245716485,0.2966437908637106,0
0.692246547056239,0.0,2
0.211912836811499,0.016434562715016754,1
0.5673672941611988,0.42819251739493747,0
0.22481488686444467,0.4045239135040142,4
0.7761294387035859,0.4340619551696495,2
0.4109605842541795,0.1708919022133834,2
0.299898929121295,0.548946590226314,1
0.6329968881411039,0.6725769925705998,1
0.6297591352216507,0.4452766476653968,2
0.46720587163002214,0.45528619986022956,2
0.5768357332287415,0.27043607655447555,1
0.8319963414954112,0.7546244666954682,3
0.591559267783549,0.29468494571733245,1
0.13311691490765387,0.2872838694912444,0
0.3057566692785276,0.298859982988974,1
0.4132037406864947,0.3124776629859651,0
0.27128885563899285,0.14052756118846418,3
0.5403385724940194,0.39628907027376853,2
0.5049512876668204,0.4345075097851817,1
0.4208446574148097,0.14680287354654867,2
0.6056840272153465,0.5349956690610107,2
0.5943943474054459,0.5481102380837481,0
0.6582649482942423,0.34604898721550176,1
0.4053990161449305,0.6456013179719178,0
0.5149102847829432,0.32182640313227806,1
0.5284939634427617,0.6516947020507484,3
0.372783402952428,0.31863461319229563,2
0.4776418789027822,0.29755640677444817,1
0.35842640650108964,0.0878634130949516,1
0.21890113018305601,0.17520820221981556,2
0.8939244381548179,0.2534292192898372,0
0.3790803223446675,0.0,0
0.5839851626690875,0.3218860443498025,1
0.5280134436015482,0.233335666813338,2
0.33805513030023715,0.40121492183502944,1
0.3957978190654733,0.5520486308328022,0
0.39543725827524173,0.0006759169570192958,2
0.16911319002690034,0.6582865108188383,0
0.09064604005102384,0.2025279286730325,1
0.3891906481587799,0.14430182756203358,0
0.25445695649662964,0.3079211847275277,1
0.5967609573250885,0.3535654549274967,1
0.8322764523122513,0.4110434526718313,2
0.27749384280248485,0.2690417037538793,2
0.18944498568043827,0.04815517791168061,2
0.6706134448809543,0.45461918509298316,2
0.4228626001465035,0.22497601043282459,1
0.5560815147656508,0.009018230705984731,0
0.9831008925134209,0.5830017205592876,2
0.5884964365617974,0.24368049926819846,1
0.4979249152528278,0.12832341161009106,4
0.6251951361759625,0.7047626609163784,2
0.06040396334289727,0.008247059968729625,3
0.41474114306045895,0.0,0
0.7381153562956301,0.5487415167242703,1
0.6832120336685534,0.36071383578147603,2
0.3600291152804597,0.14348562368295745,0
0.4561870128568833,0.29585927329692574,4
0.26942530614180094,0.30382191188359836,1
0.316337480130218,0.0,1
0.40731136024509407,0.632559227452274,2
0.36304491303428943,0.0,1
0.3958580821030472,0.3489254993364161,0
0.6404145448600361,0.42323409547034463,1
0.5501933813789147,0.1312067172429669,1
0.2713584699833004,0.12120619510279426,1
0.15256738035448483,0.43492509159354986,0
0.5293416235075222,0.11158145475466347,1
0.5775144991930653,0.2896828142598448,0
0.40083182280749996,0.5058371057723444,1
0.6069022969792688,0.32513892677387357,2
0.29989291900849124,0.0,0
0.517895209722563,0.7064304500931053,2
0.4358320291911001,0.11719826139849665,0
0.4210030017239093,0.2535370876945273,0
0.6605962597888683,0.3488797388428627,0
0.4804768858906787,0.5440941799637555,0
0.6899571185750099,0.806213289294881,1
0.7916594136570506,0.07159551161951244,1
0.17314529357377925,0.4310081736604051,0
0.29479425261429176,0.39100810910452677,1
0.8833717368078781,0.47099545733770776,3
0.3651104591239154,0.2915213828382276,1
0.4678408514333372,0.5323504375714105,4
0.1459723813122179,0.0,0
0.6374258432091847,0.6957781300778654,0
0.9969083064034076,0.26181070808368845,4
0.19501819087187716,0.03173912895636083,2
0.18154344979806306,0.20113381327529478,2
0.659801461357351,0.823197173979279,1
0.6133761190645167,0.3016290908844507,0
0.227866645666903,0.18452212790582573,2
0.5120176646181023,0.5735022349154375,4
0.39044861636235795,0.2878147466584811,1
0.35961322159685855,0.23808474043440805,1
0.3407881603491208,0.19961435779164421,3
0.5095005306219834,0.6241693628126682,0
0.02203892799344491,0.05856344479556666,1
0.5238628919155577,0.8744890188363883,3
0.03258921483361765,0.36104257810323925,2
0.08914959036309011,0.0,2
0.5769291980831577,0.319811843528003,2
0.7323628904071918,0.21010966851822171,2
0.5439852742381215,0.12239318050239326,1
0.37195159100373765,1.0,0
0.39900198168378104,0.6041654531665971,2
0.6115046575880029,0.5481262235400476,2
0.6705861445582786,0.27808873691140007,3
0.529523987017417,0.6425657956223554,0
0.08880990147816592,0.4935266951882687,1
0.06318182324301183,0.5115744155544265,1
0.34857327893994977,0.6137414479176824,1
0.3557228643643896,0.0,1
0.7530004200996319,0.2245651231424997,1
0.3829359242066793,0.052150964012334045,4
0.44616746090247494,0.08879679427873027,0
0.45975853720563703,0.377610575768108,0
0.7257383977848637,0.32266615373730034,2
0.8644715512035396,0.9867989005884358,1
0.5542290880836314,0.7619938837699043,1
0.3647103663924816,0.2821836615683541,1
0.30671170487997634,0.597227837016481,2
0.29913416160697137,0.45613874379479646,1
0.3500442905268671,0.12680477569905874,3
0.4347871484336828,0.0,0
0.5328375222946932,0.18840679317226489,0
0.3401916224801953,0.08136749763205042,0
0.354652463279995,0.3577026939748441,0
0.5047743569103396,0.2784089946827997,1
0.0,0.15587689970153606,1
0.5451275075633109,0.5998746085477756,7
0.6778500987149236,0.19672671688810353,2
0.2876952487102151,0.22943707949350137,2
0.39455405749057676,0.31899498810792193,0
0.23595376023444678,0.2453599076404589,1
0.3287350733737003,0.4852353227910923,1
0.4670177891847174,0.13313351168766388,1
0.5382808169304253,0.22146007480872448,0
0.501561732519968,0.25320329228574323,0
0.36028628127131024,0.15135443146042826,1
0.37926097470238446,0.5027745838653279,0
0.2047092286066046,0.14093200363764366,1
0.7421540207581476,0.259308316070131,1
0.4332406240895192,0.09911265074233405,1
0.18220539110122544,0.4201551119862979,3
0.6167908363324127,0.25770681569963194,3
0.6097346676764801,0.526196825710583,3
0.5630438569710128,0.8194182181362698,2
0.4401604956050829,0.24745145238303273,3
0.18730814899053677,0.4313851565408433,2
0.15205269163768012,0.47680213551356326,1
0.18772252951570628,0.3240906709281248,0
0.12039833035740415,0.13336094330758222,1
0.5138758647933759,0.4178807100769958,0
0.9580766393230411,0.21692594601284232,2
0.3182462753579234,0.1459650650443059,0
0.4734802697361501,0.38533930860084586,3
0.024831991643065376,0.6756875357700096,1
0.3767598671261464,0.11701415899422218,2
0.47257644924290315,0.23494044618091542,2
0.5189125641799995,0.13262924626415945,2
0.3702680628071455,0.35722724078841345,1
0.03650654806838438,0.22241663107612572,0
0.0,0.30723675187624533,1
0.3416562417004314,0.34233831216943283,0
0.37745817467299203,0.0,3
0.20180293525434748,0.02451739050445695,2
0.11798648893658992,0.5296563683496691,1
0.6975230901386815,0.398110431591392,3
0.7820388596491681,0.6513961130885061,1
0.5828418473694098,0.34886494735253654,2
0.27478570579945005,0.08780346691124252,1
0.44080017195532006,0.24322998745041194,2
0.048592661622897576,0.0,0
0.7070206219830679,0.27071800795458956,2
0.38268515395375247,0.2994710939550743,4
0.11902664168601401,0.37129614298810326,2
0.42040026491810745,0.007812728638402211,3
0.4790114828609166,0.28318777792622774,1
0.6801396169979579,0.39374458498904985,2
0.3744857105329412,0.16142608633251462,3
0.36191173289171763,0.4084373685907812,3
0.50961786005709,0.1871553238585466,2
0.3856818972691417,0.6144941930597434,1
0.30708480259673343,0.6789985016534539,5
0.322423265222585,0.5010439683646087,1
0.5046714757756035,0.15126727380997496,2
0.5445669837314235,0.22932471352112646,1
0.4209241225281003,0.12856444820932367,2
0.3816988092970178,0.19207785865306476,0
0.4437852766478411,0.1533154541293774,1
0.3816100496936126,0.04546196337348543,1
0.25065973189432644,0.1743282702876647,1
0.49169623560385856,0.29103295655975425,0
0.23459731249694685,0.333625812324132,0
0.5759225921796558,0.48042597281300425,2
0.5277324556164843,0.6878349591440918,2
0.14447752698020333,0.0,2
0.6585221869780887,0.6591126727653033,3
0.7839177973708,0.18845558940672433,3
0.8056428892712592,0.2641811756522535,1
0.7813627249118225,0.42926177887211836,3
0.1443593579198478,0.4258315869516273,1
0.875379105829689,0.4728507617958284,2
0.33507132252129274,0.5598808491343269,3
0.6839082414139006,0.5660237332749634,1
0.5019458423000934,0.3750891269796234,6
0.39023866121523176,0.4883485186030984,2
0.6497463502970651,0.5884043211424834,4
0.36071050873853655,0.14637464991580423,1
0.2860555984233565,0.4949182807526915,1
0.3051069760929319,0.4269299677779979,1
0.27079709798917234,0.13401569923653317,0
0.6064013554628775,0.18150337081982654,0
0.6186076736739352,0.7612956110261825,2
0.13039363416895336,0.28086511780943774,0
0.30015445165476934,0.3593734487503589,1
0.2940112283105088,0.07468778901366929,1
0.3337688031356318,0.4165080507174496,0
0.4107567274418655,0.4243683696033188,1
0.7383692856387694,0.19798998867448708,1
0.46030910321331553,0.09212860507384257,3
0.2892522631268719,0.4988450929804543,0
0.43965769573035374,0.0,2
0.6098659632515409,0.28056129937124386,1
0.24252711097839336,0.03907927860704585,0
0.35961102652473,0.6096743716372304,2
0.7128936814342721,0.43346549699024506,0
0.40466889666105477,0.6221677879057206,1
0.3329716102044441,0.06273841140439611,2
0.34523261331290755,0.5835465226142931,0
0.3338968837604081,0.677309650016613,0
0.26439870754879136,0.07692513937176598,0
0.3056291428265473,0.2590309523855937,0
0.6127865834291387,1.0,2
0.35269423854502885,0.2416437115208268,0
0.3836776698063312,0.2785852146388931,1
0.5341446872325557,0.6352002684440246,1
0.7125448496713123,0.44117547591832207,0
0.3232794866423226,0.0,2
0.22083009512406787,0.4848340873805548,2
0.7077526662293863,0.0,1
0.40988206096682583,0.1535339449438116,0
0.3285366854095445,0.48755318772493783,1
1.0,0.4930169298184606,1
0.9601408448945226,0.33996865394769116,6
0.3253996047808625,0.41889419372287384,1
0.5162838919544883,0.1546990309256145,3
0.1944827901991146,0.0,2
0.49821864860784754,0.41911109035479116,4
0.3957365841598879,0.26133251737418967,0
0.6328333395012863,0.17484187628285827,0
0.4847122334999225,0.4317492211920336,0
0.28085312760763825,0.23071272331384723,0
0.2848696508746228,0.10250527337961383,0
0.059696407530516415,0.11064905984243445,0
0.2581062561378118,0.37329197380111345,3
0.5042683614885723,0.6484329370360995,1
0.6026821903183534,0.3949541533529213,2
0.614847838114863,0.4509998847824611,3
0.2666191350978635,0.4217820316049801,4
0.11613649852630653,0.29468558756813334,0
0.4610182490820015,0.2305086167936189,0
0.4799234306640367,0.18496843347369837,0
0.37791530116737676,0.12369723694367335,1
0.34127909120080535,0.32211797150432314,2
0.6006313767771472,0.7571725974012258,0
0.11446956362817767,0.007314387000470421,1
0.5702399465273126,0.49008357663812147,3
0.023832324190701693,0.11330225957581484,1
0.3557302609064246,0.3092526946925216,0
0.6709739118924823,0.7416209571245538,2
0.35372049935342226,0.34442486479083195,1
0.5434696129743471,0.0,0
0.5253930562759803,0.29433772465175356,1
0.9694420234109724,0.7745081002805607,1
0.5139934297247399,0.4573685111322824,1
0.43640590951238906,0.0,3
0.5631914764976693,0.14460949625029523,3
0.1901663845909823,0.36972832461730537,0
0.41559688471221695,0.4575607556306366,1
0.9217436445697959,0.654171374226172,4
0.29872019618546203,0.6384805151811688,3
0.378444501871232,0.45318514078648764,0
0.39106570659317264,0.25731063438312257,2
0.715367712380222,0.1938612578561871,0
0.37876903272029644,0.0805271558942448,0
0.5422998819712318,0.3599198374358007,2
0.30206452811925816,0.13735166663044032,0
0.6637483341937497,0.6243729425134198,4
0.23982830519153253,0.5323673102978714,3
0.5988957086128172,0.6103253763093718,3
0.5671423404748301,0.0011260997238321524,4
0.35973306150952744,0.16408873959018971,0
0.6187406037920453,0.5161411256553907,0
0.8842531245054809,0.4127206863373608,2
0.3527735659970225,0.4876080621707081,3
0.13678575106918683,0.3810666249171846,0
0.5278657623226792,0.38187803253705566,2
0.29051983274085214,0.05212616471049866,1
0.71578353006538,0.35964184034385643,1
0.785816435075839,0.4212141420228552,2
0.4412770782108472,0.5873253882179109,1
0.2504868089525721,0.0,0
0.866666166495238,0.47373572166004185,0
0.667511392923453,0.3635142676797773,3
0.4831437891825629,0.41837388319079477,0
0.08418381195077318,0.08119805841197164,1
0.3923716468605697,0.02766554964037049,1
0.27009388605383045,0.4452080459459673,0
0.42768526286511344,0.01706346717263646,1
0.5945148459785196,0.5702558903433385,0
0.6740872922221167,0.40863504729202793,1
0.5309830372765895,0.0,0
0.6511897614966542,0.32386462749203737,1
0.1643069421979275,0.32716380981763143,1
0.13753202963480643,0.25442113892350604,3
0.7100365749656999,0.4854066322645025,0
0.0033737749595240812,0.17283959457959655,0
0.31279366638755735,0.28109680202886383,2
0.14988677255586846,0.09607506670927585,0
0.5053397667485038,0.37108907466421887,3
0.30706245570448626,0.5183333521957938,1
0.8501303461405998,0.8621869398758857,3
0.5220023372169909,0.0,1
0.5321441801782417,0.42185944700992806,2
0.2746646594079158,0.3510332306773787,3
0.3996640460687153,0.37205018440610016,2
0.46224393695867216,0.20850673578902817,1
0.4123615051151496,0.0,1
0.41819633724656746,0.4554692544449716,1
0.89084745035741,0.3228713237351316,6
0.7225143110087272,0.197102931782888,1
0.3655743750048885,0.06356350942509231,2
0.6767915303635389,0.5951993507734289,2
0.5062154192965085,0.40739465190179075,0
0.5063133265597896,0.45954880614981913,2
0.5351292313843368,0.632282071552632,1
0.4665294686868114,0.24546584388616272,0
0.5814545712538498,0.351416223574024,2
0.7061933032207487,0.38858035924274764,3
0.6254927394546753,0.25435053238433,2
0.859991858848846,0.32727096232051844,3
0.3777804687203627,0.3433286705368993,0
0.3105906455424561,0.4096852464388149,1
0.6428864566727428,0.2556530308011126,3
0.590454128018468,0.6272253602556795,1
0.028600627580929572,0.23441882814702286,3
0.31976600591108656,0.3037122604747047,1
0.0659649062272196,0.0,1
0.7732009239685018,0.04556868538155834,1
0.3854400527443689,0.30502050907730194,1
0.6138948271156373,0.607973603623708,2
0.7524180180817346,0.298252804064734,2
0.5847997834014745,0.6990345247654132,3
0.5261624405235833,0.6338075272271881,3
0.4818983791274433,0.16310567811298698,1
0.37800797631546706,0.3059678490202988,0
0.030450819180761868,0.6998773534748515,1
0.4235607656585811,0.12045873989097211,2
0.24371677179999818,0.29552746185474865,0
0.46255100805002075,0.27130664289698947,1
0.1368486650497569,0.3928076232046497,0
0.7593294164844135,0.6640604345827809,0
0.13052994736065537,0.02484436659378636,2
0.698282160235337,0.7086368934568115,3
0.5317887245177313,0.7744254139911213,3
0.2708809448222435,0.28561961550430287,3
0.4831746182663549,0.4472825931063523,3
0.48733985255129736,0.26159258057716234,3
0.32900579687518544,0.3282974013868274,4
0.11215406021942798,0.0,1
0.6274487955381138,0.441975586834209,3
0.7029682072717762,0.656905848025616,1
0.6665022016598827,0.34770792699868086,2
0.3286451783548997,0.5914424076840559,1
0.3201672067520621,0.6978766046014573,3
0.7006797527448062,0.5033821357368611,1
0.5754597458921367,0.08389245239265022,1
0.9053227482812372,0.34936544920306883,0
0.6269651418732632,0.31165685196615023,1
0.3337938372312342,0.5447255056760247,0
0.5474404447532037,0.2527513531004242,1
0.1757202885686936,0.43516365241976207,1
0.3059332449829347,0.009206156856286452,3
0.8555937411400723,0.5950286571677876,2
0.3879967131697039,0.28991619211149033,1
0.3454953071834793,0.4768305228638322,1
0.5401283983238865,0.46194311323903287,1
0.2596430759630205,0.5111932433169386,4
0.7053153495091841,0.5721536853586939,1
0.5839090085147944,0.22829255997076298,1
0.49449086066132103,0.12815167973945443,2
0.29542275380090066,0.05693241438317209,0
0.48551802253326415,0.0,2
0.5269806368459784,0.1886433980710463,2
0.2268365883510203,0.2939886411787143,2
0.6714636052315498,0.22356362887713946,1
0.46229222603875675,0.15985046168106604,0
0.3277870365342338,0.31166529107107,0
0.3925282815427327,0.34655754460821997,1
0.2746977700974643,0.09702293536353368,1
0.3015519349452873,0.18918054566500364,2
0.2509185718260719,0.04843136154670971,2
0.6696513364720086,0.45041339400946223,1
0.5662694697451925,0.5576378904249351,2
0.5148226521629949,0.22929096736549293,4
0.689040062867019,0.6918145732242129,1
0.452971674665238,0.7074228081078726,2
0.3765714720722467,0.1837740834468688,0
0.4837096213807148,0.03667890366003343,1
0.48051688689382344,0.27880276263528414,1
0.5431993230895906,0.45000513867039094,1
0.1576604332466209,0.0,0
0.6434181845489426,0.4379593329056047,1
0.6307218365763646,0.6264914142497431,0
0.8862488352748114,0.3540414726230374,2
0.6830146301009359,0.3768690928253057,0
0.5298667873370962,0.5119390003135499,1
0.5291196800722973,0.3051041235757773,0
0.6472316170801968,0.1464871187351313,0
0.6543430024620889,0.3110341324219157,0
0.33229913500111186,0.2272385200084295,2
0.6612059464396427,0.00525309941618185,1
0.4308540817660131,0.6848842374421357,1
0.1522576274340652,0.1601765240742291,1
0.43121254810461,0.0,1
0.3842069686605671,0.2626893069939283,1
0.5437161222428806,0.16870810042327752,1
0.2215112217522978,0.4860595038317899,0
0.43276129271529085,0.1258946027833033,0
0.43070747960082345,0.16747885920913919,1
0.5594512923550621,0.4333013996025791,1
0.7070271177381295,0.25841598335337757,2
0.783420958521802,0.26434561730203554,1
0.6306399960150508,0.3319250728373033,2
0.5898367777586135,0.1791619462853656,5
0.4616265710985642,0.002923204010150504,2
0.18896770542410155,0.6374101029539925,2
0.3756525533803637,0.43465473200591814,2
0.21883883660528847,0.1206189463955232,2
0.6620502136573598,0.3524561546307473,1
0.5171762914851481,0.5273513936922459,1
0.8162328157970202,0.6824147589069709,2
0.2554519307607243,0.027791573550659504,0
0.1723211653075465,0.212456772995469,3
0.5157622679065396,0.23355888553353799,2
0.3677201359153616,0.2606792653247767,1
0.4470814130239536,0.3901444736594783,3
0.02380869860398427,0.19433289452021657,1
0.47748351688688884,0.507387033250765,2
0.40557236117368756,0.43171461999031635,0
0.7339710681836464,0.26632390973577025,3
0.3384087533519678,0.0,1
0.5560666583364641,0.24614696884066273,3
0.37812540051633226,0.6060324098623532,1
0.6024348041127504,0.14686740138140994,2
0.40423136532035164,0.18088341158950724,0
0.3185826487156509,0.14671954863924366,0
0.31742293964793733,0.15998709093595,3
0.3108300771626272,0.22038266793433126,2
0.5554100188623712,0.6086969219030904,1
0.5312157691033057,0.3162710661101245,1
0.7694886098787594,0.25286266491100307,2
0.18360961767637674,0.7360273002173578,1
0.0647208458934829,0.07172989573102567,1
0.46016587693597344,0.13621505306239284,0
0.8265884756850671,0.7488914412188727,1
0.6153504485023139,0.23833939614885283,3
0.37017670905915195,0.5984135997861864,1
0.1629397453021428,0.07160164202316083,1
0.47056379806961507,0.7202890559387914,3
0.4874091209599414,0.3527693985247593,2
0.2941870927346406,0.42820772561517884,0
0.5842927579041525,0.904719406483826,4
0.4730315786548982,0.09992083781080441,2
0.7970881776663551,0.7468375310360758,3
0.49675280881473116,0.186824984323481,1
0.5500901644451544,0.05960153787249886,0
0.40470488131550564,0.16225229556114812,1
0.8761518392768166,0.5819842379087954,3
0.2602819935531986,0.24481307768068045,2
0.16042770963428257,0.18666785561426938,2
0.3253131221026771,0.30507062520972666,2
0.5503298631011162,0.5134793749525944,1
0.177710479525573,0.29883735066717715,0
0.17665998807305983,0.365175508039345,1
0.687270467965921,0.8100299494136325,1
0.36234940668223875,0.26734594401789363,3
0.39254235760856804,0.1775036592647751,1
0.15439780925403285,0.4102544642311332,2
0.4144756967111418,0.02015373276377555,1
0.5442491445875641,0.2545999210465978,0
0.43488360990171426,0.33521395325905656,1
0.14344380234462648,0.1742393292393633,3
0.09861417742670281,0.01726244201953317,1
0.2810660806073732,0.0,1
0.4132806504814844,0.2626544542929355,1
0.42659092843125396,0.6328784244512501,4
0.1550279081416327,0.49485233148080976,0
0.6398293115755906,0.3086299619596305,2
0.4456170822121073,0.5652322503539886,2
0.17199104816798233,0.3606126201936386,0
0.5048007641197384,0.3737604282762673,2
0.5942101480721489,0.0,0
0.46167867129501006,0.2836890486409399,3
0.3741683096964451,0.483835108342009,1
0.2086137924431571,0.48851165148323444,0
0.4786758106626047,0.2867203229760231,1
0.18503449666049904,0.40097606666490365,1
0.9100208726263388,0.7358729496759462,1
0.29187667958059826,0.40006368150160454,1
0.2994762209055164,0.0,3
0.4194445636358153,0.24997834772036792,0
0.25184933000900955,0.4809594172031069,0
0.45153357690743745,0.2236371071039969,1
0.6189721942511969,0.25506581501984343,5
0.5783333665280208,0.1177805175200225,3
0.28048374619841515,0.0,1
0.524667354203652,0.4464318849471647,0
0.5808956389256864,0.2791909895249084,1
0.3239531722601435,0.5180516871564478,1
0.7290135354414894,0.7762907371170127,1
0.13052594503994927,0.06393832305941319,1
0.4467607490916825,0.26602578422798007,1
0.59224943348072,0.5476125386510248,3
0.5236735210186495,0.46135764434954396,3
0.1301636294966027,0.31627494520750443,2
0.11575903835811963,0.45904762646053565,3
0.38789748314578854,0.19320302416150228,0
0.4701061343377354,0.18125774812900244,0
0.263000319468081,0.23697847745869344,2
0.5332843418026687,0.5999819729224165,1
0.21712718683037702,0.0,2
0.3426865318125331,0.0,2
0.4294579034168129,0.3214824985815218,4
0.4617336058346421,0.23470700983246268,2
0.17377666879110465,0.10239891523662498,1
0.8487799157979553,0.39862234105541855,3
0.4237514682980069,0.738555275023345,0
0.301817833266445,0.40730384738651604,0
0.3894437748508194,0.2006103566912515,0
0.17825038872733737,0.10624462689313155,0
0.2503266553936902,0.47255851129494963,0
0.5015767004227303,0.38938697149410817,3
0.29660878848980554,0.20620263400442312,3
0.4375055432099846,0.08015167993640471,0
0.42868608851276235,0.27977921643981685,0
0.3145737935019313,0.14831595901504732,2
0.5880700362234818,0.547211748427714,3
0.287116514336251,0.5014642144151306,0
0.35636332134871274,0.2161428471962927,1
0.6371773004048367,0.10118865242580463,1
0.5413430077937293,0.5331587573005517,1
0.5386923461196292,0.6681170207944911,3
0.8324381647508574,0.11722406842701938,4
0.31667415798822995,0.5580883093027641,0
0.03741872594605222,0.1298490955015659,1
0.48613977087371846,0.17043132508247297,0
0.4147148887205657,0.020178750184491,0
0.20336280887921032,0.3714244977394948,2
0.39797470254942624,0.3594144878701567,5
0.828621980256723,0.32349725413988334,2
0.2928222010488263,0.051226142051239903,0
0.08539873439593537,0.1981444800619021,1
0.853566401465352,0.3433407070592177,0
0.44457370523071393,0.2269205275492483,2
0.2248231467692513,0.10394471272039149,0
0.16573880635367302,0.0,1
0.5707627934256573,0.8745192608606673,0
0.5593587948903372,0.14479673134212595,0
0.2523220089195151,0.415144878568904,2
0.8058485608496658,0.022028230626467415,2
0.48424989943477004,0.0,1
0.5355959707821982,0.23744744558733752,1
0.3537960083646017,0.14829505282248176,1
0.35062657336663466,0.6028444016878165,1
0.45631380972019586,0.2908440992491477,3
0.6132261893913561,0.46769765656047757,2
0.0,0.0,1
0.4235437879945045,0.6408658726751878,3
0.29892063678097924,0.353262757270221,3
0.39874871742176204,0.07844555468516395,0
0.3376535165660669,0.2761902830355095,0
0.44112835128774286,0.21752585748921502,1
0.35002768785036137,0.16470678224365948,2
0.3364259277807584,0.47841456929280984,0
0.4998141722599551,0.4425033642665347,0
0.4805610301658266,0.27753964702486167,0
0.23673881084109838,0.37431182258275164,0
0.26191377031060736,0.4381542758049294,1
0.8671416626481326,0.7524249280159496,1
0.3973464576619435,0.290501879739047,2
0.645577208481686,0.03243367710886402,2
0.12437346599110222,0.2264627738090615,1
0.41021298484933105,0.39143330455187075,1
0.25561388112962646,0.0,0
0.42805860558021014,0.30727042331287485,1
0.853098092328618,0.30875899923919636,2
0.06175877358918999,0.1035202024956145,0
0.2666333172898223,0.08494635540892784,1
0.1279141655478961,0.13445367930641186,0
0.4443873024224623,0.5758196132228224,1
0.3271050750679858,0.2513126614341273,1
0.3956229585879499,0.42581980800764874,0
0.2021116152723073,0.0,1
0.4856293792218549,0.43558534657385883,2
0.40396974190930623,0.46879361015290216,3
0.5789554040268339,0.3711811437349861,0
0.9040155868810654,0.5358179835396069,1
0.6160419524132381,0.47238746908114637,0
0.5181277646768052,0.0,1
0.7913383483499428,0.24685190316190703,5
0.3272555855433458,0.20409412267879934,0
0.7082309296250309,0.0,2
0.17964780505536396,0.11970664106262212,1
0.7698665634303445,0.41483525963546014,3
0.6458022862034957,0.2954863681106501,3
0.3051508595912572,0.08890899163812838,1
0.0719072785727769,0.2659872575217763,0
0.34333541443701054,0.4720966692609857,1
0.34001951965424215,0.15103660809369157,2
0.4201985611630461,0.2278320686747825,4
0.2973741314452105,0.17721926764294413,2
0.4150187050991585,0.0,2
0.3996461404338601,0.3507362438546612,1
0.45106455073920665,0.49252946824706906,2
0.0,0.328361335641268,0
0.321068185268641,0.20237385991315981,1
0.81278589693732,0.2806095197253901,3
0.38249659891867505,0.3557997310537698,1
0.4884714477066612,0.3949591227338135,0
0.7060071045972991,0.5015217420686062,3
0.5653762900168923,0.3899143044149041,0
0.7997128240976865,0.6400424687714332,2
0.26514696988296055,0.07029520231162179,1
0.46350157560009386,0.3407781896541686,1
0.9534652621383171,0.9028180143611868,3
0.809555421860566,0.4738276464702537,1
0.36398487253068296,0.02099170010940038,0
0.49548181325478113,0.0668629634979139,1
0.4880402531988767,0.17627785952815792,1
0.6842579447238386,0.5469718465035841,2
0.4345259417164529,0.12275038014616413,1
0.6427651622331902,0.6022748230998216,0
0.47033089671300815,0.1738721180949047,0
0.41438357185167424,0.0,0
0.8084882577516487,0.58054406470804,0
0.2690526598048618,0.21476793840089325,0
0.3125070348719254,0.33929205207451113,2
0.6968759686130233,0.318474696213398,1
0.7297106838379869,0.276163087623351,1
0.839961517351315,0.6042963565988055,3
0.40375951926879294,0.6212813884856591,1
0.40915345466307984,0.25453895278385935,2
0.5170183823025024,0.3964362140006114,0
0.33557179157750683,0.27633819090944606,2
0.3694679244014713,0.0,1
0.2694235600611932,0.6090192839353948,1
0.48152558690363007,0.468084719118549,0
0.5397458998032572,0.45064091416823726,1
0.5726488523217718,0.2859727657491783,0
0.3724613123906783,0.42161405809898755,3
0.5272663326873395,0.5153888746811801,3
0.5228696819905952,0.5405253606029357,0
0.528290299583718,0.41906261756750884,0
0.24798408796764193,0.189416240002866,1
0.45472777223908467,0.04203022825588115,0
0.6404736725978003,0.3628175601556929,1
0.21086309200472553,0.35650385517569777,2
0.7666572239724624,0.712388964825472,0
0.8174323358117959,0.7027461091015827,1
0.6071290849434268,0.3035642001721425,4
0.3087459053076168,0.5975468750247142,2
0.11052853714942312,0.0,1
0.4565207624650318,0.4086734826871693,1
0.39361968525876645,0.17777081785057383,0
0.397036225320436,0.0,0
0.2521875164105377,0.22115778813100706,0
0.04926742252562363,0.0,3
0.030217833624196833,0.20567775808715674,2
0.6702432443160624,0.34783462871758136,2
0.38985883159263013,0.5385853676835519,2
0.7003386303848819,0.1722197070278636,1
0.6232871408395297,0.6182250339466143,2
0.22274588956870636,0.2876187757149057,1
0.3510685588052823,0.5837196375876768,1
0.31359787893304303,0.23872636847661421,1
0.32317074528229983,0.035703290422006984,1
0.4950106971522643,0.06451396682696225,4
0.2006703075954175,0.0,5
0.39020063608238875,0.1853217595243679,0
0.6654158673031136,0.6533246527863386,2
0.4468447587746437,0.11492327309630712,1
0.2623895153373085,0.3220639051473534,1
0.6909067441515401,0.019946832028303274,0
0.30312349519450815,0.2711412877393335,1
0.5022675373699937,0.48858224791261673,3
0.4802474113234045,0.028700906197336118,0
0.5678701068624811,0.28304096175071464,2
0.3165677994331359,0.2979055394049947,0
0.4536041701209845,0.0,3
0.3328714428035872,0.5560649628425847,0
0.4344894787623168,0.3076886998108625,0
0.5062143029424755,0.4225957002946219,0
0.1136717644335462,0.03832824737093109,1
0.19211570144426876,0.0,0
0.22960530815612812,0.2893044970535457,2
0.5518541780732669,0.30430965069126925,3
0.4734097872294035,0.14824117327296962,0
0.3334806118013376,0.5767434113464965,2
0.24387534709076736,0.36791549928326694,1
0.504389120159608,0.7782072414898127,3
0.7579754741341289,0.41899411702828243,3
0.41127920234055887,0.1533218116283242,2
0.11433155211233245,0.13761800583097533,2
0.6114903874025044,0.4525129409826833,1
0.302957938894368,0.45772890562895246,0
0.13374710459026687,0.0,0
0.2669728678630876,0.2823297278039909,2
0.7012768634388242,0.6307277306004758,0
0.5713608804502847,0.31156887384150167,4
0.5689182996013726,0.5731303748722647,3
0.3021406831693083,0.3363608259219817,2
0.26955763034605307,0.34918683412475926,2
0.6110591017311391,0.23636448856154899,2
0.6922593423368149,0.292823478660885,4
0.2856628424838017,0.1919596336839547,2
0.39953467583245195,0.0,2
0.42601432861478544,0.2418359523779415,0
0.22960330551185248,0.3139812230944572,0
0.2940306368643809,0.6270529707396123,1
0.0,0.2853841137798586,2
0.6588951230230605,0.37345648310631163,1
0.4025079314998615,0.4240614893048721,1
0.36244019165790087,0.14793401837008915,1
0.4617703095746861,0.3198163934147786,1
0.06889807062741171,0.6001831975916422,0
0.5038547721037118,0.17490643880141418,3
0.0,0.3672353238732218,0
0.5583133733422496,0.5715469505982244,1
0.3559149849926367,0.0,3
0.3351934083072916,0.20991318499183378,1
0.25777308867007476,0.22071162542119044,0
0.23569464916886818,0.41558994403511534,1
0.3687901535146667,0.13369798413951095,2
0.24437735090914814,0.049757276138020945,0
0.30889859966066174,0.11267116736985407,0
0.6179958452600045,0.2624495034305283,0
0.0566808412609861,0.45931312904714267,0
0.2299767402915382,0.6084692693661881,1
0.4963641750921527,0.6848072519564097,2
0.7185036716424377,0.7150608773244623,3
0.5756014414998016,0.12433976185889248,1
0.6895201923516406,0.41910706349219495,1
0.5400332787322544,0.37634921939453087,2
0.15282371419036578,0.04619496190985756,0
0.513021485831949,0.45041411431907097,1
0.6799648235313617,0.5384038468806507,2
0.375603867861292,0.4470721727383924,0
0.3910917229874554,0.396748524423051,1
0.5098299771675874,0.17046360055830162,0
0.8065748750146806,0.6413948280780795,2
0.4168146607838132,0.17379026203271217,0
0.4793583677624416,0.10733297811311163,1
0.4219865075582034,0.40607743645426436,2
0.21125343829545618,0.40115440676087627,2
0.5443090268880694,0.4514313211331531,1
0.6004020744578827,0.3680774726064118,2
0.16755685787180927,0.31052488148258844,3
0.5919491653275146,0.2911182704168391,1
0.15834454159080513,0.08091561914421352,0
0.33991875501622965,0.061324371044961745,2
0.4353130622249085,0.29885222009305956,2
0.6722796542725616,0.4432697483906293,0
0.9867029145069408,0.5274604004155606,2
0.0639091112737219,0.3750773068852242,3
0.37242103868571147,0.2709072673280497,1
0.1785496727760723,0.46089812354314463,3
0.38399583508229523,0.23655942383174106,0
0.40223094856627467,0.6177066800311823,0
0.6472035250794992,0.30215165997295723,1
0.3565698081425683,0.7050767381111206,2
0.52313638129227,0.326975146531312,1
0.5669652113099828,0.29283732023774356,2
0.5009903597400117,0.21650471725161594,0
0.0,0.0,2
0.6294916572431764,0.2134804618703519,0
0.3210367840957329,0.20547519883447823,1
0.6597262448426564,0.40477563284198215,4
0.4390108410575708,0.21909103524212858,1
0.7377503677411461,0.428317039721003,0
0.3410519599624008,0.5455545600329197,1
0.6927623646054043,0.4391426523247081,3
0.3858025933235078,0.663911524999674,0
0.5186220215583559,0.13260285141415654,0
0.23573968269777457,0.18033031712009878,1
0.33291091625736813,0.08396717471855732,2
0.38079001704040094,0.5511014758054191,0
0.4284231399933246,0.0,2
0.4840902408527963,0.0,3
0.5714930191933295,0.3022231101114675,1
0.8029327455554104,0.8654098471874507,2
0.5634324940577016,0.26473116248075557,3
0.37008081400352816,0.016862458415731585,2
0.6393288188579767,0.06921301656369472,0
0.463996640517129,0.6409603100137695,0
0.2372682613449708,0.14945965194025232,3
0.7467699809107313,0.14010209201161994,2
0.587474868893782,0.6026822814562905,1
0.21799958339997041,0.3675263177533817,0
0.8292741695979262,0.7589508651208428,3
0.6617804010630565,0.3156267652607564,2
0.41643694769120165,0.0,1
0.02783820528698977,0.29718329092824963,2
0.5453259727441235,0.5558325475735516,1
0.5042469014085531,0.3230709185768224,0
0.47104556042370554,0.6515825109373807,2
0.9275029688596337,0.280706719236776,1
0.08737124046915815,0.3745113731100845,0
0.4964332009213183,0.0,1
0.5964171863853726,0.46363348205157295,3
0.43697189353738614,0.23196093250130442,0
0.29411329261483166,0.08557801062292908,2
0.7077561467248612,0.2653403033684946,2
0.5216257229998968,0.0,1
0.6067626343188355,0.3326748051296861,1
0.8721176025061619,0.2279083635455787,2
0.4463284156831893,0.5665364267097895,3
0.4939661417987899,0.5598231326681093,0
0.3490540146004482,0.7068080381964735,2
0.3835196247845385,0.29534436584419704,1
0.7454112702020451,0.6074850698279874,3
0.3136070818562171,0.5154997876294732,1
0.49806493779253763,0.1381407612964907,2
0.8055980058753914,0.13687245800062775,2
0.0,0.14905660547716604,0
0.2908517126787437,0.0,3
0.42375600499193905,0.701301860696514,0
0.48947414270531353,0.6828441201146592,1
0.43244970942369537,0.819321701274509,1
0.622440117086292,0.3412510473897388,1
0.28445103191067256,0.44462794839880826,5
0.30391185108999735,0.15250908919053535,1
0.3983514605108901,0.42092336076546855,1
0.3891118340400307,0.08952073237837255,2
0.5395816163121439,0.0,2
0.36395162866368624,0.15635609856259078,3
0.7074354553291553,0.05620507679512399,2
0.3241172371498057,0.5356707744738273,0
0.41055838438787073,0.5800429957335106,0
0.6017598298139071,0.06231355132391697,2
0.19061136341025817,0.4576627761795563,1
0.4215973472775411,0.7010112274033011,3
0.5828446708146352,0.05615657838676663,2
0.23362881336886696,0.07789638672377193,1
0.3095323077509708,0.042278138105387206,0
0.6405718403115424,0.6217847525437177,0
0.38196710966801767,0.06681601496068473,0
0.7479930423002652,0.29293093832521067,3
0.13112528838032184,0.10919797753493332,2
0.7130623765894433,0.5167471000613939,2
0.3344833765583379,0.2511131523625067,0
0.5775132303378059,0.33246687531112934,2
0.3086154605342797,0.20666730466784655,1
0.23442826056645488,0.6556689477525228,2
0.36736201606687474,0.11379494194812935,0
0.611276132700921,0.07367467165914177,4
1.0,0.7954141876410508,4
0.44084861849778567,0.26903398946158863,1
0.19710857390526723,0.0,1
0.5681994201040965,0.7897722082017935,0
0.7623724212055445,0.23674819439497524,6
0.6101661278093017,0.39151533417272566,5
0.6328845916065026,0.5144645603381172,3
0.7759852613093061,0.9481273955112868,4
0.41105325228249373,0.0031767059158606115,2
0.02605769004545333,0.36169400605152563,0
0.3335968805601354,0.6084435332359704,0
0.3206705618796602,0.3389981079809262,4
0.03220902279371918,0.0,1
0.44581448991835015,0.10930582762879693,1
0.18494536489449512,0.28445012880690795,0
0.6819695659307335,0.7790997299372804,1
0.7102474915143718,0.2753296241020472,0
0.0238209798464038,0.3299727041715429,0
0.15861350262244292,0.0,1
0.3387905501757532,0.0,1
0.4061192651872088,0.06702717467296754,1
0.12029874908968774,0.53712074909929,2
0.642550804765512,0.4207530688707086,0
0.7552007467945542,0.525597810173534,0
0.1241847593824586,0.35875710147012,2
0.33943228398935954,0.37560155482963964,0
0.446952889506767,0.09877926676373724,1
0.45564489519219586,0.4893459335240662,3
0.8160325028379545,0.27354985117425124,1
0.3655666072518201,0.5332233209563174,1
0.17592091163967294,0.0,1
0.5348309768886547,0.2453055891904521,0
0.282025759881959,0.40949892333619164,1
0.27405357282511633,0.21173935574749625,1
0.5305058079307479,0.3768998602347715,1
0.022742387173694693,0.09542100052931723,0
0.052801187584201326,0.049619997099966284,3
0.6109738619572169,0.6171385302554088,2
0.5195000768173569,0.5223850566562578,0
0.44131090610150514,0.6205681966755443,1
0.5207016712757429,0.16882336128648984,2
0.501650099459898,0.2743727259342735,3
0.227570132404863,0.4929734999265709,3
0.5773668526813709,0.5841596388754436,0
0.11993073994606163,0.4657993114632534,1
0.339524353780793,0.2238706050242892,0
0.7136908891939373,0.18256103981777488,1
0.5785678841862085,0.694178611071626,1
0.27948804468426713,0.3592601175389536,3
0.34127719958483776,0.3138968431721689,2
0.1437365906126727,0.22921270116416004,0
0.4077345674807211,0.0,1
0.7641478723463838,0.639357929625779,0
0.7508785992433726,0.35441495716414534,3
0.4050267547677081,0.13151048510831229,1
0.45742131948355436,0.43711240397248274,2
0.7896175053233668,0.7224429585553502,3
0.5743491511828176,0.4768922061657386,1
0.6166319934347034,0.5395070542170317,3
0.5596679443046689,0.29248702769347884,2
0.24384420624719302,0.29309023229947484,1
0.2737815947898837,0.2801326855809953,1
0.5539875059710466,0.3305585983383386,3
0.871500203681284,0.020569809552424656,1
0.17880525073907652,0.062133896555544854,0
0.5325569195401384,0.2075307538707601,0
0.658767889021313,0.20084887473128232,0
0.2731361306434438,0.17025114583769638,1
0.5655462016459772,0.3625176225154305,0
0.4240680225670702,0.19679478311037815,3
0.31789874078122304,0.1310704920365276,0
0.16597324126927973,0.20252046042953045,2
0.3774314225363162,0.27323572070245394,3
0.7065599221444112,0.41609518564069037,4
0.025538534514120553,0.045930847542791926,2
0.274411764797576,0.011433236138669645,2
0.1517601418608563,0.005235441116903106,1
0.579583816234006,0.8859195935850895,4
0.36372318790057556,0.000872648557595973,3
0.17040597607632516,0.008870435225145051,2
0.42254605324892563,0.42194913805036,1
0.26322849569975654,0.28717165037407344,3
0.3170947421041884,0.27343993344667583,2
0.30411820002507706,0.1273650692779243,4
0.40752538589475795,0.29990733774093015,1
0.34299833126686646,0.22979436890225172,0
0.5263137588225826,0.18803349252249538,1
0.8250371930138378,0.5555236032395737,2
0.7969473878587007,0.7486857873204618,2
0.9223105793872544,0.48174304766553416,3
0.5467045180130141,0.3354555363294559,2
0.5540243083644633,0.4644281405073271,0
0.7080290996745235,0.624163467855332,3
0.41204473089316673,0.7986201031057254,0
0.6565269350865518,0.0,2
0.5515001674893013,0.5528804485354085,1
0.6196274386267446,0.5595104670637387,1
0.4781276029682864,0.12801726604074176,1
0.737597793680003,0.6028592711812631,3
0.4991187223514346,0.5357694248567646,1
0.38624839551943246,0.1666890793325474,3
0.5830494620461472,0.36284852206975554,1
0.5312325205838376,0.5580602514851001,1
0.37293716261409204,0.08702340480942228,1
0.141798415430847,0.16791896296308706,1
0.5877515480055746,0.4433983010717771,1
0.49235217131735287,0.1657739733004214,1
0.3880732730701707,0.05503606689427207,2
0.4071536303542901,0.36586006906348667,1
0.17680686565546772,0.45221677521478093,4
0.7661878091729553,0.5993911798963019,1
0.6279784078331963,0.11141494414893566,1
0.2647675064354138,0.423537961878866,1
1.0,0.4054960330595469,5
0.5509114275489566,0.03379337851826275,3
0.40343811110650835,0.20971956854294668,1
0.4333427423313315,0.5696764070863859,2
0.28838131425784735,0.4784334224483925,0
0.8128168572409694,0.46494594442195675,1
0.478939480073496,0.333355207284184,2
0.23935774168357116,0.17147769290766157,2
0.6666398216333569,0.3842525937773788,2
0.2584510639151024,0.16494150947193717,1
0.26078823895514286,0.272908068348498,0
0.28681323337833725,0.1595594666612309,1
0.38235161384149946,0.0,0
0.2890730405790103,0.0,1
0.33859955203851844,0.35080988653084577,0
0.8679298665897439,0.34376445939364225,0
0.24085289854150946,0.13077338941079258,3
0.762207178543203,0.3754920834434351,0
0.3226844475765559,0.6249326786468896,0
0.5220827823726497,0.1848518889902786,2
0.6324655590685903,0.42847352343544926,3
0.8990107409474034,0.40535800532241,0
0.029936233840864274,0.1845860699824949,0
0.4500572510799902,0.43239153467141617,0
0.4692876884527629,0.007546184940396661,2
0.5352954779373654,0.31174254459303197,1
0.24445059316206297,0.4085735359399365,0
0.3578956393506888,0.5458728094430121,0
0.566803413697714,0.4557008036945826,4
0.5039382855299809,0.19751297092094094,1
0.5855180146446863,0.7479032651587469,2
0.01915309313688346,0.3816094391575012,2
0.3207321717702383,0.21394142644038233,1
0.07972019091887722,0.041934227227214585,1
0.7845480698173131,0.6693066942854374,3
0.4987864881666551,0.2818395311813465,1
0.2502505770314747,0.42747830928165137,2
0.5188340825386807,0.3822998889035168,2
0.4028003449090212,0.392451817369105,1
0.5930794479098185,0.3366256636910281,1
0.10328586843250975,0.05824443174509447,2
0.23993387827129953,0.39789257175686304,2
0.33125783070256676,0.2469202740910814,1
0.3846295899067782,0.2211387634317562,2
0.42892588859696656,0.2592588770117862,0
0.6021670288919315,0.4492981335072016,2
0.4656719233436181,0.1172874190000057,0
0.23383419678171613,0.1295254552133783,0
0.5339939156387936,0.2816420143418591,1
0.7043450280235338,0.6618683034999546,2
0.21525695707074655,0.11787130583208863,1
0.349911924729944,0.0,2
0.7312180376862922,0.07772732650072478,3
0.009424441086538726,0.0,0
0.8804416675348374,0.7671757344266132,2
0.6446584527918449,0.3211928442781182,3
0.3111534866748919,0.44879806850967385,1
0.556903150441844,0.354579689263292,1
0.35585833844566217,0.27541368740520167,1
0.4289533529983754,0.24136705905711034,0
0.34688087587710853,0.50387025955107,1
0.6891917178086513,0.41471367846977386,1
0.5704438622857596,0.6364903274736046,3
0.10524219594747646,0.2833216181639551,1
0.28056779807863785,0.19518441395519615,2
0.31961641861279644,0.27763644395193865,2
0.45581052452799287,0.15384051935329965,0
0.5964864337702501,0.6009406097924459,3
0.71684743091837,0.3524316147819071,2
0.720717596323031,0.35719577299996985,1
0.2378635089769903,0.35194469235401543,3
0.4028954968560306,0.334211280317218,3
0.8076856806347789,0.5032970718683758,2
0.5478793580107728,0.8123643306693181,2
0.5978499199988979,0.5860502539634455,1
0.40495094892431605,0.40181107588276566,0
0.33605273053400186,0.0,2
0.7297145252396922,0.45886454720236053,2
0.5979513421522062,0.4508703250691498,0
0.3331344270014245,0.0,1
0.3510051843166994,0.7259468126781248,2
0.11551151880685273,0.0970410985634113,0
0.3730858813649037,0.32879700080159563,0
0.2734503648044787,0.2071267024087655,3
0.1835947260610772,0.3178953147003555,0
0.42632290334311657,0.046012851625049034,0
0.8968699245033496,1.0,3
0.5804292305687151,0.6541731924512757,2
0.21196152630341175,0.3769143281174541,0
0.6966231416618904,0.11157840440465794,1
0.6228780013667129,0.47042535506935074,3
0.4879521485207203,0.5095421316172306,2
0.23517722057555285,0.46949152315569925,1
0.18750791403460498,0.3426857453173944,2
0.337084586829162,0.0761427167956839,2
0.3468414379924877,0.3020021726342996,0
0.4952364327697242,0.24828536482595626,1
0.5353163269037481,0.7121973852822687,7
0.6864819252914116,0.0,4
0.3383295986342102,0.32601490891663576,2
0.6411101620906491,0.17290124066390344,0
0.4449948474894221,0.031362024515846104,0
0.3978024719260142,0.0,3
0.3537262195296858,0.18585355170279236,2
0.7259293234023064,0.6977918840127284,0
0.31621892846305416,0.3908418618453623,2
0.7151410902172588,0.22698549906123774,0
0.4402258712730781,0.6740824731513299,2
0.4177488761517778,0.5172709609808022,3
0.47676144759027034,0.33427839713484875,2
0.3353528550767865,0.4656690591832291,1
0.34805093314567953,0.5722707369382853,1
0.3203385617746755,0.4238606481654408,1
0.3697678152587104,0.011780074457554163,2
0.7135875069076291,0.5897826400378912,1
0.38497446513941697,0.2939083507280527,0
0.4455153870297208,0.5162208202656564,3
0.4788080132855287,0.260284412021204,3
0.749610815186361,0.419618041638808,1
0.5922516325619365,0.2566123080945263,1
0.4296166920776918,0.0,2
0.31151588036376426,0.429816804491842,0
0.46327991885748443,0.14804212596356092,1
0.43272595157950156,0.22629536432425962,0
0.32425458551987246,0.24073923537780656,1
0.8012692019862211,0.3841091766394108,1
0.303890108137327,0.26274330583978606,2
0.6463424627108997,0.42031186222757405,0
0.29082699759316777,0.435484428706135,2
0.3311902435057215,0.3623047439987289,2
0.5583435246929853,0.63499554331031,2
0.16789718498500789,0.3819410469792777,2
0.34732690800700144,0.27745651440381014,2
0.3511445761901091,0.12359243233753262,0
0.21586646879969415,0.31200130926064107,2
0.6523819115718036,0.5496966302411441,3
0.7615957918366255,0.3769844182549399,3
0.2740420270269002,0.3147461848546989,1
0.39201615550080404,0.19433199524689232,0
0.2166485711641846,0.273850111161493,0
0.32440970587425705,0.40941788875050517,0
0.4207783970205415,0.5886514282202473,2
0.7538286755616285,0.4348622549404963,2
0.39784395650124854,0.0395016255707859,3
0.43398094045285324,0.13994149133836248,0
0.5532887505883397,0.5910171012364696,3
0.651947290615194,0.9943437063675514,0
0.27902447885076215,0.14566707164874887,1
0.01009580954576808,0.25931769517179504,0
0.006003895574702656,0.07023581955216737,0
0.47022049847489933,0.19743947279965895,1
0.4189277753764141,0.10312158957156642,1
0.19330312148833673,0.0,5
0.07644231207658381,0.43117117678218375,0
0.2060654493216389,0.0,0
0.33511077784008814,0.22962285283819295,1
0.6348099996253699,0.24589661176385885,4
0.6411566372998991,0.044553850555799995,2
0.4915440382098138,0.5086501927034348,2
0.42652030557826026,0.23117633012147917,2
0.5536099985685837,0.07174682891296341,4
0.36793407763297825,0.24452661912385776,3
0.2662248887800351,0.16160946263126752,2
0.24123655974252584,0.2763778380150679,3
0.7755448917847189,0.43733661720636874,5
0.33543941217511847,0.6713776810009564,1
0.21599251807207573,0.0,0
0.6347905733919552,0.48264553944585853,0
0.6231943100262585,0.3981760593415123,1
0.30394866412944793,0.37389037669604097,0
0.6441471985489486,0.4955168054451782,1
0.04844604021943058,0.23894362898330887,1
0.4753771440593993,0.3297873168306564,1
0.18796220194236027,0.012290637346710848,0
0.4664785274205395,0.5851970838470097,0
0.42027362525314166,0.3817812411974807,1
0.2719927882857155,0.44089215755910527,0
0.2217164331705345,0.4677934367968265,2
0.9114543875171325,0.6594279461746059,0
0.2155055784097399,0.5371143692538436,1
0.5403020487526515,0.49414251096261164,1
0.7970767844634707,0.45578910282500407,2
0.7469606303212922,0.30587195277745416,0
0.5162994993414273,0.2930734229116874,0
0.7350667955560521,0.36104131735717665,1
0.2344456707927367,0.4347555729433233,1
0.1881796555950164,0.3036698107942852,1
0.7347094820325656,0.5211066750279869,0
0.6075281490454875,0.5060500365924501,1
0.2646449794557915,0.747456012227344,0
0.3933281016033622,0.03675148789245522,0
0.6398360028441742,0.23900903351886993,2
0.48227195926821304,0.09418022346276606,1
0.38351178966882127,0.21578446875703944,3
0.30999574843522554,0.39502271200611405,2
0.5265722888705294,0.3091263627314611,2
0.3898285286752786,0.01889708788379349,0
0.5566163980601171,0.38463757630674156,0
0.5630985355789404,0.29594411886454186,2
0.6341530795437516,0.3068493771104873,2
0.1492170502904111,0.47018647727342194,0
0.18027004818000353,0.3780879610080168,2
0.8633642101761991,0.6007229183723712,2
0.8162923748987806,0.7837624464453522,3
0.6071551776172857,0.5070454751662689,4
0.18340214654060147,0.22256975150484332,0
0.4840263901978099,0.13735975099035153,1
0.2849400259414026,0.06405409913145407,0
0.3919316209693533,0.28453693603083247,1
0.22334806963276999,0.3174070505499163,1
0.5929789800200367,0.5196709592963368,0
0.2910926779961983,0.31623884676622815,1
0.14473479658565688,0.0,2
0.47113757043000637,0.48469171342533873,0
0.44775549154261773,0.13187127271073149,1
0.2640090367185207,0.00293643095497767,0
0.2849445695153199,0.13434161041839032,1
0.4597851703480751,0.8329271435403038,1
0.1350587405312495,0.09872014313924399,1
0.3415079532102232,0.2205963618676499,2
0.48504137791399315,0.32948641701969394,3
0.5634714061449454,0.19535472869092227,2
0.4394044964845645,0.05189301200424842,3
0.4950561570834974,0.27704318232932873,1
0.5765643723467697,0.5798718529169439,2
0.23730772367191935,0.3462926056038646,1
0.31319382090630515,0.0013591808350412737,1
0.8203612060757108,0.403482375006851,2
0.29909616347547074,0.23117962049606874,2
0.5578191746087298,0.33422322915137825,2
0.7785799324315066,0.5672223183619275,0
0.5050214705233702,0.21224772233326072,1
0.49529384531276566,0.1806016587108491,0
0.3102716075169709,0.5497935202293386,0
0.5902539501999303,0.4867861088539593,2
0.6549308187942602,0.6486424170844628,5
0.4262924678151061,0.6064653502351006,0
0.7699418119879943,0.5682107652740185,3
0.179529969805978,0.0,1
0.7462521093149053,0.5507288490260634,2
0.2975500345347839,0.0,2
0.4824788514893271,0.44777730898875306,1
0.2859674777994653,0.0,0
0.3846075715640713,0.2839633699792531,0
0.4505072610586661,0.21877032272006597,1
0.33783744106046004,0.26295008065612524,3
0.27526495176929017,0.012984840685301147,0
0.13907005096966338,0.29896445626144846,1
0.23236704104213435,0.0745601012074785,0
0.3108171831388179,0.41420943339026844,0
0.02300993109220051,0.0,2
0.4263672849583998,0.18828991456135064,2
0.4021636972859028,0.2887698485981781,0
0.6755605827137465,0.3476682090401489,2
0.4454702037141023,0.1383192216436352,0
0.5257038785157306,0.39739398091322614,3
0.5260533463727602,0.668699899813638,2
0.37562587635935923,0.24083458327572912,1
0.4911356014112239,0.23933810221146676,2
0.6899531333603901,0.4813357470586429,2
0.8064034371418325,0.4854599945832622,2
0.6553458306163908,0.6399336979447927,4
0.0,0.0,0
0.5001909108450242,0.19589474388730121,3
0.6183780564710712,0.07465813561999962,2
0.7192203151277531,0.32129946578256496,3
0.8870686547268899,0.465850035798858,0
0.30307912373453977,0.3596545279658574,0
0.047548480590105746,0.2719223698635684,1
0.0694098152885535,0.03445896229796358,0
0.34683056648070176,0.5966563270161913,3
0.440783649466967,0.5837299464770329,0
0.5280679923092887,0.0,5
0.6147327482904963,0.4057344094262272,1
0.5988268167074638,0.2762163613525014,2
0.39672431222039717,0.3989135173432075,0
0.17481486009229028,0.43391431160869076,1
0.6981242393487802,0.8880244136658372,2
0.40043275970798964,0.3573681200459435,1
0.5301423206878788,0.38893903896775595,5
0.30763542610801997,0.25601335037265327,1
0.6975129235495633,0.4563659196637605,2
0.42522247742937674,0.5248894613205783,0
0.3002388061820028,0.31364538562545363,1
0.27593896741673285,0.0982884488037098,3
0.6380394175099113,0.05039754182464812,1
0.262127951638364,0.3107224308192235,0
0.9439376811539201,0.5433535352614639,1
0.6699779402880593,0.2871843495624017,0
0.301468339253533,0.46732693737880593,0
0.6270398040290541,0.3556440779838597,4
0.4212660397676429,0.26130215324543055,0
0.2590707298111529,0.25449766709859784,0
0.27044719652855503,0.21494424995102168,1
0.6732401590277454,0.44479518561933845,1
0.6249684494753376,0.5790272476299165,3
0.5750376793176448,0.11063294159560616,1
0.5556345259259082,0.32753979593893834,0
0.19595308898878944,0.228485085994659,1
0.7457645753672846,0.37698953822857184,2
0.35014463284348263,0.514066874413442,2
0.40370039823942844,0.3987817479647234,2
0.04684712891023901,0.31363452524397917,0
0.2881036855418071,0.39165401374531017,1
0.1132341004184285,0.03128167558387124,0
0.6503887435824398,0.4598853982437292,1
0.7717996885322822,0.4644937116603237,2
0.14809950627339338,0.20239550240440563,1
0.39860901415729366,0.25585028564914997,0
0.30385574112114017,0.34591861181838235,0
0.15382578387028623,0.3104851264438498,0
0.0996150679510531,0.25163876076547587,0
0.27644956343637517,0.2709466530407923,2
0.2445252176963511,0.0,2
0.6244456290041523,0.4232832983473263,2
0.28917982628615035,0.14560575026718117,2
0.2993764095712512,0.4154394013312352,2
0.6527889416320046,0.21281389968878567,1
0.6321974705950685,0.06682856946591575,1
0.49727635373808066,0.6828409981456978,3
0.40011580279747605,0.2994180066625635,1
0.8980722555941447,0.6108440032862719,2
0.5885585117740098,0.28803815464263854,1
0.2523729439168171,0.24669064228821128,1
0.47005221535277325,0.27125692478041313,3
0.16202923412860953,0.0,3
0.5371385686670607,0.45914943529133134,0
0.48987449466082644,0.09658438281385368,1
0.43975262418858063,0.42157655961079504,3
0.4076215327187709,0.2623409650178717,1
0.4089350469172839,0.25096755731790554,0
0.46010265893445945,0.17029559169169747,3
0.5463652995243868,0.7817203975116439,0
0.45309509443124707,0.11480887122198793,1
0.29515652911116763,0.24189495873797034,0
0.2164888966928612,0.6775936654619324,1
0.3224778141308311,0.43264087195992573,0
0.4973872987185388,0.20166874517711808,0
0.22698478405417655,0.14110417807169237,2
0.6909305569290477,0.42986769475329745,0
0.7939208138485018,0.6839604714773282,2
0.2872719559042526,0.3893992729388188,1
0.8001526431818169,0.26879657749374086,0
0.5140045851077029,0.0,4
0.536699714137999,0.04801282259652645,1
0.6097299354396493,0.48120805156776836,0
0.4228656332788817,0.3132774773233743,1
0.6468086885048706,0.41539205231058307,2
0.6900209258578384,0.16326429192129746,1
0.45288339408465317,0.0,1
0.14869888493232725,0.32340658740395534,1
0.013180370466037206,0.19661937233426935,2
0.35509550261988465,0.4387428040462002,0
0.5165472000437711,0.19793698034848423,0
0.3906632559760311,0.12680920068124896,1
0.741932924542577,0.6090543506034972,3
0.7152896258857654,0.7040087590211759,3
0.15647328062193305,0.4766106857120409,0
0.31623677037361553,0.2143230739314888,0
0.3113649753294855,0.3728211417214783,2
0.22289229767236463,0.4107020430209505,0
0.48394409942447325,0.25285804977814236,1
0.7102596754130666,0.18598807687777769,0
0.4899269422151535,0.5985278140206458,4
0.3889060634413924,0.1641019355601417,3
0.3248457752150654,0.38050563243887087,0
0.4115523659616752,0.26334179354389037,4
0.15637607021734584,0.0,0
0.35130910051262426,0.4590143351862172,3
0.9078684615336112,0.03660190184921519,1
0.7148067810117906,0.08152209668141042,1
0.2932546796564936,0.26270238858517786,2
0.7401046219724688,0.5779439761347551,3
0.16960051389380698,0.1772535397860343,2
0.6051692279325758,0.38631151098193467,4
0.22584766084351582,0.0,1
0.20661628482212194,0.4010896043850207,1
0.37262430924603807,0.4267495558077206,1
0.29534958027451397,0.1520942664257851,1
0.18397241703741407,0.1563193557123538,0
0.06094786358768639,0.31792106206845494,3
0.5761215663343804,0.3473108211393043,1
0.22273902600257234,0.0,1
0.0691927191008279,0.4730201076306719,0
0.36462797330378194,0.4703573580026669,0
0.8156232342655425,0.2209617380169343,2
0.7907487657214342,0.29741978733066643,3
0.12273702338481657,0.18200009255772026,0
0.32566505509607535,0.4492452067556656,1
0.4765814622823561,0.0,1
0.22671584694100783,0.013355722946846602,0
0.36858622038311983,0.0,4
0.5873185067280848,0.3911212070313368,0
0.3688398409206682,0.20998243983162662,1
0.3902008905250409,0.40630677663839604,1
0.7699949263724164,0.3142961025061713,0
0.39335293701683094,0.07692593856572622,0
0.6778378249461474,0.5020521550464434,2
0.38892138394655434,0.39577111128103304,0
0.16772613806935482,0.29665568941711196,0
0.46296118804519387,0.40191589552953605,3
0.4885362720204261,0.18994132767649113,1
0.1856853112131713,0.2153875100205304,3
0.6794194772400257,0.38171642584022064,1
0.07241066270445512,0.0,1
0.3987254896032035,0.3291959162791014,4
0.924707014629764,0.5446028034503468,4
0.4903934009747353,0.29280113717676015,2
0.5749765160263358,0.35417513703246317,1
0.4989108144443363,0.0,1
0.49471767209542084,0.40341748264632227,0
0.25592188088727363,0.45617779740021974,2
0.7445635917124764,0.3656293130310252,5
0.5122965346333612,0.34322885550861726,1
0.26131917499555823,0.3059061199146301,1
0.3901431422351531,0.6021625634978558,1
0.30897076506170573,0.4510238930656534,0
0.2813624610460506,0.1631116585630463,3
0.5878874924411872,0.32859722489971066,1
0.3906222761887627,0.5380867161999441,0
0.6322777316055785,0.6118106045162389,1
0.4567558659442319,0.829801713768977,0
0.22907470685232606,0.09023062343816038,1
0.6169657208641222,0.6195209083669524,0
0.5061770567753863,0.17511166497862057,3
0.020001902733734422,0.30548763391341405,3
0.31841382784056366,0.44010664836522495,0
0.4497916979996486,0.30281143355488027,5
0.2890819448893544,0.27730793788103697,2
0.40407592701092665,0.4058397500680829,2
0.1874103420020318,0.00041477232743683534,2
0.4084029147378832,0.6278295999614322,2
0.785892760563819,0.13529092551005362,1
0.5154560611669846,0.8218859457901684,3
0.688208929632068,0.4862705274841943,2
0.3629793714804217,0.3066277418647035,1
0.24579994404551675,0.08216050794019542,1
0.5405130071397093,0.3064798299568823,4
0.42438862386006443,0.25695389963304116,2
0.6410543449589313,0.3923567096788081,0
0.3607056285493702,0.45798648910214346,1
0.4833448008673519,0.811149500399224,2
0.5406820029563743,0.5362594273322584,3
0.822687731286672,0.1439226762576899,2
0.5727417258171472,0.34259235560282225,3
0.693345643831043,0.3753064876989146,3
0.2823816636756015,0.16044508111850161,4
0.5923577932878725,0.20822151047002602,3
0.13110202598112516,0.5245527959795495,0
0.3212747680250362,0.2357694604643537,1
0.0,0.08546015805986978,1
0.6792151248202619,0.6213265370725011,2
0.2028975282513222,0.027081897628185164,1
0.8100808736087097,0.31379790227641907,2
0.0,0.0,0
0.27062992118824075,0.6101692840769612,0
0.36243802913368345,0.23186150632919678,2
0.31372173985030527,0.0,1
0.5352928944554837,0.6666493296611695,0
0.2524790005537324,0.24076348325218927,0
0.005232284423678846,0.0,0
0.6855248034419457,0.30964517431159727,0
0.3104029407862607,0.4575679506178756,2
0.42400517624716566,0.39637494987844807,0
0.7154245874837218,0.7814266435147217,4
0.3581311276344491,0.14470734759431275,0
0.17493647094263684,0.21844197318612169,1
0.5168033485210556,0.19809348893897527,1
0.9798607006447331,0.26008086022751753,2
0.5685454082927618,0.6978653631002034,4
0.2735125029562768,0.2998781882607289,0
0.16475236194446635,0.3539742757724663,0
0.17063360053877993,0.2460876644155048,0
0.4546233588213208,0.1775502887607426,2
0.3069446781320989,0.10345784461311244,0
0.09309582162902226,0.12068069212583693,1
0.03386206981619977,0.40380954002594494,1
0.5959462664775762,0.7306845594299559,2
0.5049221148356298,0.40168412561369665,0
0.07490320967695058,0.17346723845338327,1
0.33447428238946536,0.35346931904061313,2
0.7227779395581252,0.4554959736780728,4
0.5409447735821661,0.046203148038743314,3
0.06896946404070445,0.20999303075253947,0
0.4803155145111675,0.08697789406879325,0
0.8553387379825299,0.5441929350236128,3
0.3097255752716638,0.5547448458254576,0
0.1740851310978161,0.5464946033472358,1
0.5150876523343337,0.12332306880930657,3
0.5677301929255745,0.2233950042549279,2
0.38309784950969333,0.08904374843303989,0
0.3145410028980605,0.31594208398909795,1
0.08001519989191143,0.3181105640975003,4
1.0,0.6717972226723432,0
0.5270892808557939,0.7702452459577642,3
0.42953228389867265,0.4719652843002306,1
0.4249728878653748,0.3008577764501912,3
0.2784296974411937,0.3997501798155463,0
0.1478966317038859,0.08409898132490867,0
0.546539363417767,0.16525859222138178,2
0.46933543651703413,0.5319848180326614,1
0.8963081398614915,0.6707775093913488,1
0.8976604467230072,0.46272596542403366,1
0.0487626201077872,0.23795633882030293,1
0.707160837550322,0.7196809520275764,1
0.6967256087581409,0.5796180601292735,2
0.5746612638642702,0.044662299789862636,1
0.27264790038974057,0.30564707972646227,3
1.0,0.390727380095253,1
0.11941499552089152,0.4402845157371277,0
0.2704984285464881,0.5092922346390092,1
0.7081968508564704,0.7349318777026728,1
0.8518732296707472,0.1504680722542769,1
0.17265965400544359,0.051839910316500676,0
0.32911077846724157,0.48110601054709107,1
0.4379407674023028,0.0751135384464751,0
0.4785886671031672,0.032600997052567526,0
0.28832170027123166,0.34347789243835625,1
0.12424438421573221,0.0,1
0.37872818800296665,0.5944534966896495,0
0.41418745563902054,0.240972057253144,2
0.3834802522984573,0.16488380058539004,0
0.28223098749204445,0.09147759162071674,0
0.674411556852333,0.7596232204173049,1
0.8064718053663347,0.6137595025943544,2
0.4923112224899618,0.21155924366355672,0
0.31881921425527493,0.05856379168109932,3
0.4356718730509207,0.2903395908666413,1
0.5074123705423773,0.03401344426184255,0
0.5275775897475775,0.41588760222181353,2
0.019837832254682802,0.0,2
0.1770542430781795,0.09498294355535172,2
0.2327663847289519,0.3572760938396028,1
0.354011572494658,0.3488839887492296,1
0.43101747446653277,0.1159914355012304,0
0.43341674920681905,0.365152436774124,2
0.2537401794150842,0.012183524492568626,0
0.16671772071287,0.3131262083455413,1
0.3177571624254563,0.45412811405438935,1
0.6079691336255721,0.42402848406550564,1
0.0,0.04972447776960984,2
0.7071854392291803,0.6098488598466889,0
0.2873319280654928,0.16374211492527493,0
0.520357675540267,0.3746509665053649,0
0.702925111816605,0.8187175442287739,2
0.13359162422253357,0.5334658162330999,2
0.5619035537447592,0.5721702915293579,3
0.6347682259551981,0.3490351661145073,2
0.3906539017903693,0.33514896585645126,1
0.47936449765108546,0.4478570690348667,2
0.303085318263123,0.0,3
0.6946576754687346,0.6027569395510146,3
0.11808031204551964,0.2199513939194409,0
0.6306714902721904,0.45790011552101273,0
0.54337353674632,0.48050297336258696,2
0.46360224001121175,0.2660811818661474,2
0.16813737342013232,0.3649200695437385,0
0.24244844441227667,0.06353544358454394,3
0.6729150706950213,0.7474308760143353,1
0.48345627343023695,0.1701779590695599,0
0.40909895548085706,0.3548869626535865,1
0.0,0.22402182017379307,2
0.592023205391822,0.44435967607020066,1
0.6486561260395491,0.0,2
0.24120915468288306,0.4015191684222633,1
0.36178879621929366,0.3641311210341206,0
0.7169309461599683,0.32065501924149964,0
0.6754541512899639,0.15258777219636155,1
0.3302533207646259,0.21894929342501773,0
0.33289316398871466,0.11318410447481336,0
0.3644975331945731,0.5333027977750037,0
0.42209539524207884,0.5087948940181826,1
0.2918795312340257,0.29401190976330704,1
0.3961581637147285,0.2912350235959241,1
0.6373098084961945,0.3022855016056921,1
0.7501449237130295,0.6212708073563781,3
0.40625436817083777,0.7166291668948434,0
0.25054417817769936,0.0561466300179454,1
0.3757779343412885,0.18145663637682496,3
0.6644469377575946,0.7026225132233888,1
0.4293967477990305,0.0,0
0.5266816744963125,0.21272064789728687,0
0.41756905135226285,0.24637857838541904,1
0.32626112746640534,0.0,1
0.4296022458377094,0.4291837281833324,1
0.5557284519099258,0.4983264646488198,0
0.23479338762169374,0.06581970016536647,1
0.5858600612033715,0.5858397109574152,0
0.6036758440946571,0.6703541649094059,2
0.3999778843614672,0.3021433512050482,1
0.6324926216149597,0.3657066062317013,2
0.24336042607170896,0.6378361071272196,1
0.3580045113582947,0.34178308133434615,1
0.4742600835820919,0.4217843636470074,1
0.41532424183944844,0.6044291231898079,2
0.9084709389628985,0.48959626678406754,0
0.4737323511782984,0.13181630305752523,3
0.029168722757204155,0.1163131277921932,1
0.34145476875956804,0.38680039123171384,1
0.6250683520738611,0.026683976288066402,1
0.28984164591082673,0.10417013084742466,1
0.42496252188110417,0.5596644059537579,4
0.6792161847848701,0.24816517135475574,0
0.2859614294620729,0.4731045765213312,2
0.39448588457714623,0.565608196388465,1
0.6489034802397419,0.3316966024868122,0
0.6542223115124755,0.3197528277667061,4
0.9740593633043602,0.611614528653574,2
0.23246422180762016,0.662675480404579,0
0.4927730335567538,0.7296549603298449,4
0.36304544599979477,0.2782411722966798,0
0.6207336864853834,0.3744858020356831,2
0.5570954459312687,0.492247577328648,2
0.1458302635412846,0.2556964603829083,1
0.435949256631995,0.20265097723421865,2
0.031091327966391247,0.13014250636490432,0
0.42698955040099157,0.5816715888620674,3
0.6683661004071426,0.09715758788491324,2
0.41660899712243954,0.4854292301436596,1
0.15338694241072742,0.6296793201618376,1
0.6615455585468561,0.18563885439887973,0
0.5624549064960578,0.6184731732819617,4
0.34504629399927267,0.056660208932023254,0
0.5842069547381302,0.29687488007067875,0
0.3752970695562454,0.3039766440924353,1
0.8344643833260468,0.3245251592299815,6
0.44490959430268734,0.28932438011907957,1
0.4232612410266278,0.41093048273545096,1
0.3200593373706409,0.5275555468448299,3
0.5224583261086916,0.3512935083284878,1
0.5183821006555104,0.050326345434571595,0
0.8233522912400466,0.6732231219640388,4
0.38558749998553,0.27935699024254534,2
0.3523271610050517,0.19288949323008867,0
0.3309454033207385,0.6599615862403172,1
0.37320428408793715,0.007972544250670788,0
0.47824611973878756,0.0,1
0.4168044119978571,0.21423902158869737,1
0.8589529319271719,0.6472346472663918,3
0.8861589488178798,0.2807575984383949,2
0.023725747478542614,0.0,3
0.7117252535143692,0.5694546740290807,0
1.0,0.6214859682444871,0
0.43565776426549196,0.3539122219853218,0
0.4812728321277895,0.43027292692660196,3
0.6028827096849008,0.22809374706609198,0
0.23914243533055868,0.12052853301355014,0
0.41291014943296,0.4318535356438807,1
0.0,0.0,2
0.5061262439219882,0.0,3
0.27270156853593014,0.051932503706903346,0
0.6366519019825931,0.5776338717936742,4
0.7386607950440558,0.4563049003504538,5
0.47658810839635346,0.586424205406281,1
0.2281502929257801,0.0,1
0.6324051978304528,0.30675472881692306,2
0.5266729027244252,0.5152284120807628,0
0.11881066522310432,0.0,0
0.5224851330693379,0.5451871656389937,1
0.29861713791172784,0.2730047039990782,0
0.7190214099033382,0.9471117601098975,0
0.17613273779990357,0.0,2
0.41052191996848875,0.6795531975021198,4
0.2029762951436267,0.11057951641211283,2
0.0,0.0,0
0.4183837231285301,0.2558627613002068,1
0.27671236877346894,0.35084800918341574,1
0.5998230418479019,0.562539456959171,4
0.5422764699562092,0.794694881749568,3
0.6300276900556199,0.6321785875440233,1
0.7215482166868139,0.16516652826759204,3
0.6243021352619936,0.581021022826421,3
0.41242458285627015,0.38956996975387187,1
0.4458224543166578,0.1663380916817756,1
0.3608612904617167,0.3703442033428317,0
0.36192461135686194,0.1254255301755887,5
0.3493902437365498,0.34233767814989347,1
0.5391542042618629,0.15857209650380355,4
1.0,0.23392991075456132,2
0.33739819738063015,0.2795212919457455,0
0.04075404546007905,0.36334365711422273,1
0.37692792323019697,0.26425931649882467,0
0.39404868969160534,0.5365027964070005,1
0.2793539470190848,0.13428911596200901,0
0.6403609366526763,0.46443312482068483,2
0.9279992013005257,0.7559416044026293,4
0.21877018579189644,0.2571166009421958,1
0.133735143189291,0.2097895619196644,0
0.5320594166243071,0.0,1
0.26008506477118687,0.2920456615298075,3
0.5928675442074065,0.0,0
0.46834190525316954,0.2274429158163306,1
0.8821968926651231,0.16516659931635286,3
0.19643413028908607,0.010285602348020728,1
0.21975181058331375,0.06754048552123065,0
0.5300075440936494,0.23899236534196486,0
0.6406545524183958,0.640674972556917,1
0.22135360374565968,0.1843674595364142,1
0.8914445056332082,0.1833838121050353,0
0.5937827596316761,0.3314424698386689,0
0.9014426687123297,0.6115536866381557,1
0.19806847520242762,0.0909747280903885,0
0.19905232715722376,0.14255576990329433,0
0.7168366641966253,0.2931912914244207,1
0.819499842012892,0.6268314567699648,2
0.45548107525154213,0.10065223909715498,3
0.715975792326788,0.4418208897054388,3
0.3031536495004278,0.5490648038335555,1
0.24075645038921306,0.4660718714939669,0
0.342576908471258,0.5390882130443858,1
0.44226388393436417,0.4602015951557152,3
0.8456995481195009,0.7327032771787074,0
0.4353712422806323,0.627526458325848,0
0.19582652145872764,0.37283451526764216,2
0.6445585178693116,0.12954850713856972,2
0.7650539386799192,0.3670681936455824,3
0.5026454460013976,1.0,0
0.685165127589897,0.0904316486706514,2
0.5393295407398312,0.3736597677478044,2
0.3205840978979059,0.0,2
0.5368214992603975,0.24338045418742066,0
0.3217470139569688,0.013216358177223969,0
0.3465579839975977,0.4171622087368688,2
0.35735989896313536,0.0,2
0.424241720912248,0.4287451189115111,2
0.44630998520776266,0.4310573411548156,0
0.4839705166552062,0.2604853129174977,2
0.11991411506103573,0.10118002182881533,1
0.5630795487027084,0.2517433426963568,2
0.2403886610989206,0.19177122340163288,2
0.4216849416142703,0.3662979233011038,2
0.785496908832057,0.5821964828117089,0
0.3490955103657191,0.4706401986719286,0
0.40341770796472615,0.11927092457553076,0
0.45591705439441127,0.2385958584230048,1
0.2368760893743389,0.45855733134572885,1
0.29375263131229273,0.0,1
0.477411713005107,0.0,0
0.5238409481638825,0.4323915422720048,1
1.0,0.6808010192591483,2
0.45204245743462546,0.149142068077184,1
0.38956804815170465,0.06720251100527992,1
0.3504582461360215,0.09229579571657104,2
0.4267875509827269,0.014455947025679039,1
0.5012927370210087,0.4478636655954449,0
0.29820454110318834,0.0,0
0.8709458770328243,0.5579522659770043,1
0.37918542319700044,0.1845786184954809,2
0.48312065536312465,0.0,0
0.7327702570827057,0.6911963120335679,1
0.6728033059268804,0.419706425533135,1
0.7172565378847879,0.42358910666823546,1
0.0982935166350842,0.0,0
0.3278643516518129,0.12547922442537937,1
0.6377421150596779,0.4897265880589246,3
0.4457471333371716,0.7963473757084554,2
0.18897865501018427,0.0,1
0.32505498002485533,0.16096155492874809,0
0.4002218815934457,0.3437729487839837,2
0.14561086092805367,0.13795713936180254,3
0.5621307666257253,0.6000684319983685,1
0.4611487583812182,0.0,1
0.3427205997542251,0.33990298602288843,0
0.5097960502551865,0.2858644607599136,6
0.5685073539287788,0.6987115444885643,2
0.32131233720961505,0.0987823338880138,1
0.3524818669618447,0.2375904449050394,4
0.5221939047682518,0.503565683110611,1
0.670393592044151,0.24294987432185494,3
0.48641034688455576,0.2730147545856666,0
0.2757730832309525,0.0,1
0.03251695496991352,0.0,1
0.4285614798199623,0.40012016737140843,1
0.46524734729988704,0.07969071564337193,1
0.47255139227987014,0.3051596139378894,2
0.7606277691406382,0.5349130693609082,3
0.7161683028007074,0.2609069467267602,1
0.42191736627288234,0.5637421675360255,1
0.5431298410377968,0.47486510018749506,1
0.2041687511531322,0.28590755656276284,1
0.7120476726397733,0.47022593910441046,3
0.5359423270835241,0.4842637525281081,0
0.7327645694754479,0.6445539853002882,0
0.21652610761886198,0.4668170914269621,1
0.0812269471241154,0.0560817284672476,4
0.2163143329832701,0.4821431239366044,3
0.1835899143546645,0.27008352193073903,0
0.33274210237923774,0.1821128970200081,1
0.3259033621922758,0.35823120388452684,3
0.5441464688010041,0.6893987602758856,2
0.5821994210223134,0.37690905393436436,2
0.6909977911549582,0.719678689954868,3
0.7899195662836032,0.6705736756488784,1
0.6238147114985556,0.4862824143930669,1
0.6840227540423959,0.2638642893745925,3
0.437280129875372,0.32233781063065664,1
0.2940437234080304,0.3202449723350762,2
0.8308771421529333,0.6828257508901705,3
0.2675384383888707,0.43797470634406177,0
0.22139967336378008,0.29324955096171956,1
0.8228035498774071,0.47897657608811417,1
0.7719112481252686,0.48486110332208276,4
0.5086465275637267,0.14303933466113106,2
0.3975668138209048,0.501221932533667,2
0.42903409729682607,0.0,2
0.4516058036916545,0.7476617485577708,3
0.49100593012873955,0.27038902545013394,1
0.39503899098949874,0.4172678776036112,2
0.40939554521555327,0.3518197703519842,1
0.5329139729538775,0.4676960863509113,3
0.6083229392212957,0.43564484190919583,1
0.09968479245777834,0.33509218104788535,1
0.2528185331419332,0.1924537686654243,4
0.13593600366335837,0.40796621187944304,4
0.5848064470749019,0.18354822715991273,1
0.17009417066253224,0.23222857107001973,1
0.22309497812403345,0.39520589849537935,2
0.12822997330555996,0.3628688312709256,0
0.3278913563700162,0.34904559400635715,1
0.09284690497205741,0.1424886627617106,0
0.0498329185256382,0.20506807447777442,1
1.0,0.4679361248149556,2
0.530678857708966,0.7075304210527984,1
0.5688743795399955,0.21943916597392538,1
0.8200741511528322,0.1260569574487133,2
0.36059296588482226,0.0,0
0.5930959169653253,0.41605385577477216,2
0.6090254369682915,0.4519203193772435,3
0.7507948397754189,0.83928874873487,1
0.4439152347058894,0.14416621076920066,3
0.12031036281662694,0.28977437273650863,1
0.29827739029828476,0.0,1
0.16382907510696934,0.13491158807536982,2
0.4889846998604154,0.7801085248761488,1
0.32848730227477785,0.0026503524215885366,0
0.34198842298018434,0.3667884930428101,2
0.15944443645902212,0.338460515987335,1
0.39731956540215546,0.25591279627588737,1
0.5331088278093193,0.375618839714461,1
0.3234980255812848,0.11292040639614881,4
0.48839065053210023,0.539527207194062,1
0.0,0.5464047408489074,1
0.8148762873565772,0.35751530554251665,0
0.07215961190757234,0.5783152996587771,1
0.5398377221689522,0.2827910345414589,3
0.4973518805517109,0.626896240268449,1
0.33709188816583324,0.5288664214502634,0
0.10948486230581228,0.0,0
0.3265186916347173,0.0,0
0.2900013292443333,0.0,0
0.12093073820090999,0.5962061039665894,2
0.7266096674621572,0.2841165420443368,1
0.5670043690232796,0.3565209564578112,0
0.6915122690203334,0.09972677311576136,1
0.1940833800518032,0.38080686915556683,0
0.1285099765667416,0.0,1
0.7015519285910014,0.30719634879883945,2
0.11342338996875914,0.3097128278717377,1
0.25849296727974325,0.09554954446276262,2
0.48355670521661015,0.18753731775669982,1
0.5022535939898508,0.7550724962619849,2
0.5729835329210515,0.6777397091548761,2
0.7584257167846011,0.3608111054872179,0
0.16728794055831545,0.30642535331038534,1
0.6237874127410433,0.3394916328989598,1
0.5860802198953913,0.8022326726417106,1
0.09958921138097548,0.2023969951047681,1
0.2679933100328811,0.25784883684842275,2
0.4546206012852707,0.2941561429729444,3
0.44120928077175364,0.4733965129073742,2
0.45841433644925744,0.4466551514738405,2
0.16214061544977182,0.1477812579824967,0
0.5269711966305904,0.3522001698443464,0
0.27143896019634384,0.3280937750686379,1
0.2294186802045164,0.0,1
0.1244770055231901,0.0,3
0.3066027086047374,0.2471307556744406,1
0.4301263846581343,0.08276220735674486,0
0.3566302477385197,0.1688149074752857,0
0.21715101698109057,0.27314814789331254,1
0.3933835647207555,0.30371421988562874,0
0.42266732780630484,0.26370632019936224,0
0.7285299525872174,0.11556114591360639,1
0.6020129660395963,0.4585349769363634,1
0.6245778135936204,0.0,3
0.12638002309108384,0.05193060210757374,0
0.41848112793199954,0.32153550840538414,3
0.4331571737249973,0.11009626041121809,0
0.05201018290582196,0.0,4
0.7674182040961017,0.4467972474846344,3
0.6476462075879981,0.17614340196224304,1
0.4074694879389487,0.17308479953513461,1
0.8388243963608473,0.5596849102857567,2
0.5842713751525495,1.0,3
0.3236020801735269,0.2915787068984073,4
0.0768446455959419,0.017262791637365826,2
0.6203341819768702,0.4286992530743055,3
0.43402496085401465,0.608495034722293,4
0.6705251182567912,0.5480953815464624,3
0.20802341179820905,0.7138147864127586,0
0.792877584349311,0.46227895920447315,1
0.6282528119477353,0.44941530351377673,1
0.4217586005967804,0.6332198816148836,2
0.12298033262662306,0.4976247387635416,2
0.796455645855555,0.0,1
0.5257805903367542,0.41852744344579185,2
0.0883825589693269,0.5916208978642303,1
0.4267344079073025,0.965263046035685,2
0.29558852809695013,0.48073519869716547,0
0.3789665581072259,0.10495864225150724,0
0.8282435083367597,0.3441562960911372,1
0.47874239098797833,0.7370035010097685,2
0.4075053888935998,0.4698544484315823,3
0.5129782114624098,0.21880313858758008,1
0.19537361216344912,0.13507802112646328,0
0.365626967008359,0.3265014646058164,2
0.6804170325942096,0.4973432428802626,1
0.48337358370666156,0.1231498587724437,1
0.49791001086559555,0.17318707687062732,0
0.7529842350518848,0.1440483666955611,2
0.29781606981859,0.32355725086888687,1
0.6571741229588771,0.361442438355424,5
0.5113526027363182,0.41353210412079466,2
0.5748559039234735,0.5620261791364154,2
0.2689378840185439,0.3020603686780966,0
0.1005363620115477,0.13763432911317802,0
0.23157740705498076,0.32541024822989323,1
0.5559983487766263,0.38263153573355696,2
0.08158373430705912,0.5009834989185382,0
0.5921509291978044,0.42814714985995495,2
0.4786086373212433,0.2376111171316458,2
0.7940412566503435,0.6462615225519796,1
0.3082405330255972,0.5324165619884125,2
0.7138819301712162,0.2533996457245967,1
0.5768005402043179,0.5924858051008399,0
0.6960498914414037,0.41494803573897365,0
0.24494321349740844,0.29953023788144667,0
0.5639312246574366,0.5769897541578568,2
0.46400039904232926,0.18049100847194965,0
0.46094822232547683,0.474263050875798,0
0.1929477551967283,0.08727877891827907,3
0.6080577406843477,0.0,1
0.0005154940849022571,0.0,3
0.4793562941340804,0.4931724471286154,1
0.35311472662625276,0.011053913698285844,0
0.3249415765728562,0.5014657229842481,1
1.0,0.8455898528789788,0
0.7186791431203772,0.6439495671047218,3
0.5655392937368591,0.45081509220854227,0
0.4328739686211768,0.21809762092310214,4
0.28332047292825663,0.03455634329755686,0
0.369203710714165,0.35985612433827063,0
0.8073373797457,0.45099799659520273,0
0.6917839031148016,0.47014072601904144,1
0.543996280761445,0.707353868553555,2
0.28556048742836293,0.11353651544642485,4
0.27866317423108095,0.33033799809351805,1
0.7355413406151502,0.5476064607580473,3
0.7219896551716726,0.43540348646537597,3
0.324413034977615,0.27284849990842586,1
0.35183478887093567,0.46990262338039934,0
0.6838215061130338,0.46193199493350623,1
0.4988346745125513,0.6139189426257414,2
0.5417753622738958,0.04832831020592915,0
0.33157185703342396,0.5197077446885313,0
0.5156097992301596,0.38088916525281835,0
0.48941327778058535,0.25068512902403794,1
0.17911306108894356,0.023208284609140373,2
0.6575712253860746,0.020482646261201054,0
0.9123697409734766,0.2734507686765661,1
0.5244874840762285,0.5413847103677719,2
0.2343816390827346,0.19094984297640807,0
0.06099275600049589,0.43567454767117936,0
0.47664361526311255,0.23271461026133575,1
0.4939292067502727,0.4625042236122513,2
0.27495263018518673,0.08966311429458121,0
0.3719592446815819,0.24212185705044448,1
0.2675704913901258,0.2551832664368133,1
0.5791006196922042,0.11965059312732906,0
0.6437815111357227,0.0,2
0.33069531078992387,0.28812089017603076,1
0.8052571182358099,0.5143276033953853,0
0.08905186487277833,0.4397581701110265,1
0.7949121436102013,0.596346426344283,3
0.5596333044336783,0.6099821889212462,3
0.6299213409697221,0.485304081002771,2
0.0,0.22067507175333334,2
0.7608287018242074,0.21563921428045332,0
0.14771598762324703,0.1341814076102007,0
0.5153497802750304,0.39065104922564564,0
0.7429369253508822,0.7154823188194305,4
0.28017383601059576,0.32647200115893105,0
0.1935674539051154,0.44666101675973613,2
0.5890344634705851,0.12405644702751481,4
0.1911646722419325,0.07484796777727214,0
0.17653175404288401,0.30108479068267546,2
0.55003239450135,0.7138291986025143,6
0.3214222547317135,0.35105211285721555,1
0.27767246531118583,0.23146210564212102,0
0.635144942945257,0.46624685642446595,3
0.45838803349149354,0.07702532904594997,1
0.334011595254316,0.6109146357646262,0
0.46278659604550243,0.06361352510140633,1
0.53650169818253,0.07924334929686616,3
0.6174752581478467,0.424234303603067,0
0.4090426976949077,0.6448828179977275,1
0.6760555715421027,0.508720810459417,1
0.12392593653362036,0.4025752431208084,1
0.13781851587465963,0.19402087688422343,1
0.1321655047653401,0.23405614808642863,0
0.24750123537219568,0.0,2
0.43243672716329706,0.0,2
0.336698224383336,0.3280151817701282,1
0.3305002419960106,0.547481821775796,0
0.6050597220626437,0.40083748187012935,0
0.4914967702567138,0.3565699409522958,3
0.41683753761843517,0.6178297475240355,2
0.5496548793079544,0.378616726128541,5
0.5086359414385961,0.44459436573767774,2
0.4914098549647722,0.03559463228315904,1
0.721938998155728,0.6841856504400364,2
0.5031298608324459,0.40277280033863216,2
0.07022482699770133,0.07929185595551877,1
0.05237350409325668,0.0,1
0.49286822303725025,0.531273842736579,1
0.5795836289521871,0.2424759156873339,2
0.5304226299936683,0.6084818242997518,3
0.38443805374833395,0.0,0
0.5557893374285805,0.7477515033384103,3
0.4236863312402216,0.39057158896956645,0
0.3885339518918568,0.389545139102779,0
0.20638347923928194,0.12854816069245115,1
0.6207706967695598,0.8709177477029157,3
0.6278322189987907,0.45754433595492516,0
0.6826763477964649,0.07505145571118066,0
0.2072692542847168,0.0,2
0.21488194351532847,0.38781451314221554,1
0.6837949867289881,0.5041853682972043,2
0.25527323989547646,0.03415130882874334,2
0.7213551390855286,0.4890176738779566,3
0.7224723004540544,0.3123053917533757,1
0.6147389996709985,0.27529041421802125,1
0.42086495632269855,0.41864376309046486,0
0.3353469759567366,0.5535461712717286,1
0.22573007248209315,0.5475192742514965,0
0.6118167813282958,0.281234156299257,2
0.49649532534426266,0.4138445911491293,0
0.6672168852572028,0.41258277848610847,0
0.5325447815388942,0.1807468068116002,0
0.4616506759851118,0.44848255315279795,3
0.23141125582645644,0.6885125834690017,3
0.0,0.20373206447454523,1
0.7443960084385102,0.31863286449553924,2
0.41341492125205614,0.4603283895947299,4
0.5828578894382676,0.129903291792973,2
0.5221545692284468,0.5926333757871903,1
0.5998845802715697,0.5814071031929774,1
0.3333095831366103,0.3024980673490758,1
0.040724882149313635,0.30169393474716083,0
0.7329006779758798,0.3122109856415137,0
0.5705163188640849,0.5060447269648862,1
0.283028118856331,0.08697678626536345,0
0.33213427930448813,0.10770705666823194,2
0.5670204658046568,0.5226014293409228,3
0.5135249648162689,0.2673272416830775,1
0.23182295934710737,0.28245304732972015,2
0.6844672422922192,0.5773675690291747,2
0.8049665861477916,0.45167181441138554,2
0.49880974213511625,0.12206501042243073,0
0.25612569892572407,0.0,2
0.22427610970370138,0.13809982789881536,3
0.13409775154017384,0.37194175336110413,2
0.2961951601608049,0.07855069934353195,0
0.5902271687461687,0.3079988105883864,1
0.5969483419696855,0.7278669533742882,2
0.04940339164681201,0.0,1
0.04402210765892586,0.0,1
0.13983010875364066,0.5381797043507613,0
0.41462721359467,0.28168480421741043,4
0.34464519336696325,0.11528313986757646,1
0.4831286039086824,0.584721118135465,0
0.424602263988322,0.26541758593820347,1
0.8645060333831336,0.6303383209911988,2
0.7941697701623338,0.49630777308659796,2
0.42566005484000374,0.12082777013300386,1
0.3215203519000624,0.05514842148587629,3
0.739507830754845,0.32684075685310576,1
1.0,0.37074986845575075,2
0.3288982586178073,0.13441343109641124,0
0.0,0.19091679939238093,0
0.545554788687107,0.3867112085559097,0
0.8056538528934754,0.7060930492692452,0
0.9772811030607875,0.3922765648562425,3
0.9294634866082386,0.6205735800815594,1
0.4773788310582989,0.26694388984486556,2
0.24083691086143472,0.1418908214972613,0
0.9211892360516856,0.40732779718830936,2
0.5835325863319987,0.0,1
0.17660479813058055,0.20128548897500675,1
0.16329168865893084,0.0,0
0.4293961520715771,0.27929281443803167,1
0.4261341952651694,0.0,0
0.3392978181144631,0.0,1
0.4119889832541479,0.2438545070351584,0
0.0936900055417974,0.4561899460505878,1
0.11196796507232144,0.29382126063813585,2
0.4189543522132785,0.09766845640251057,2
0.6805195487289144,0.45630196719977845,1
0.5574279251881271,0.4714845408611097,0
0.7961786175103589,0.4141621974353227,1
0.25261404676222166,0.0,1
0.33505129262924227,0.3758721008863729,3
0.29287581958399667,0.23323275366705443,1
0.36424978611385667,0.035654235360254194,1
0.4758813913895855,0.45871684367645005,1
0.45221356822810727,0.3667689077558104,1
0.3791817170585672,0.3080866671310746,1
0.5487705825596562,0.35035743245968076,2
0.4879754575011431,0.5167540130322618,2
0.04363506489549018,0.19457367744491913,1
0.22800548972484969,0.2506630248071546,0
0.3922478878538606,0.19043587296443767,1
0.8133691483670974,0.32406372890857027,0
0.5375444070965126,0.7035508345493051,0
0.49160058890326236,0.0,2
0.6586436332527562,0.6059433116460617,2
0.42657545293479454,0.16988508598726826,1
0.5203011387065886,0.11649716303690563,1
0.1870772441021058,0.2526578933435764,1
0.6285133703092692,0.20243201395885713,3
0.4068525034918818,0.1228417244799706,4
0.28808247914585955,0.09904518913434171,0
0.5789977124206116,0.30767745649667616,1
0.428686202283611,0.21413799592483387,0
0.4943185930400189,0.642484810442628,1
0.30183315296550883,0.5812046510980564,0
0.5323463912024894,0.0,2
0.4901494754059194,0.50024202021891,0
0.4747230917146639,0.5396431229410965,2
0.5426161358043876,0.47834736240160214,1
0.2035945742384345,0.0,0
0.6727038842705684,0.42251480767376093,2
0.42200692034868925,0.0,1
0.0886287395578596,0.08201468792657082,0
0.12776097100825534,0.0,0
0.3715674711598188,0.4023705128072465,1
0.42012335039239185,0.0,1
0.17623580977233824,0.20043904231457468,1
0.2173996512132857,0.0,0
0.1880547689190741,0.21206836476142185,2
0.7146224595848945,0.33485824122772495,2
0.4699474874687558,0.4451223571452804,0
0.33001986647964937,0.5098371504665791,3
0.49306807353756843,0.5122721099682203,1
0.681782120171643,0.0,2
0.45148032385329023,0.20810774738488472,0
0.6492190868852613,0.4201736809374594,2
0.5802230197718776,0.3254594075281827,2
0.6127960844159315,0.12357867047661131,4
0.25027125257072175,0.05114544087046277,1
0.280207854892159,0.29414153471920446,1
0.2612817194186807,0.25753313240231557,0
0.5092124856144226,0.49439468206892023,3
0.21507946554705018,0.37365379533722887,3
0.09631731895659337,0.25318202007222057,0
0.37362281505588646,0.38734567317336294,2
0.3071050664440413,0.16400654423852723,0
0.3719565110484013,0.4333520908424051,1
0.20748051965080777,0.0,1
0.8270644168150664,0.7544525465130292,1
0.4710521204026762,0.0,0
0.635974211003939,0.25897270335132105,0
0.29149045996739487,0.22493183126890537,2
0.2560761578673231,0.4045410716608161,0
0.5631428459550526,0.0,1
0.44688631295662,0.32868981380110734,2
0.20691369944923993,0.3439005609815078,4
0.3095042257896094,0.500991361647865,1
0.16562828327960333,0.057288839542426334,0
0.4415490305207304,0.21531115386671415,2
0.03567400371166812,0.03986319473780463,0
0.5556440773737624,0.20595471060868326,1
0.25683145514784994,0.02947039605837437,1
0.3449999171432969,0.07936128365256243,0
0.13460970495467584,0.32148486347870486,3
0.24061910927791766,0.19605487466453897,0
0.28564667378968134,0.3327436721533804,2
0.6419843826838063,0.4974504086987607,1
0.5974935539770245,0.40458377368543774,0
0.43019348241635963,0.45811994251447546,1
0.18384720313995906,0.0,1
0.4134337727633575,0.19323030145886733,1
0.3326697608800189,0.12410486659705976,0
0.6342982514433937,0.3031104753585978,3
0.5636185131668927,0.23091345227435794,3
0.7777449628702129,0.6545113700285594,2
0.6853466945832783,0.8117098989160605,0
0.768348835187133,0.4260748123448002,1
0.2117073183267955,0.3697702974046325,3
0.31439392015716916,0.3199090065039092,0
0.6509740905641059,0.0,1
0.1343622136824502,0.2403133268096324,6
0.3950529889184393,0.5653394166570846,2
0.5348998277748404,0.3351312686081219,0
0.158612286608523,0.0,0
0.2731968464289755,0.2046569608285574,2
0.34601237341881885,0.20459827938202022,1
0.6639490179520354,0.19213801781075923,3
0.6596017962662731,0.767415232030885,2
0.3304038489040434,0.2235148394538583,3
0.6806681111689897,0.3344296223967922,2
0.9127480136052732,0.4820380525078656,3
0.6076133154350094,0.5389933351264471,2
0.33989434666890833,0.2327080840716374,0
0.4353563877126694,0.35216790447439744,3
0.4443688721797128,0.1398854887535688,1
0.39887742022620226,0.5216704917190448,0
0.38980258096303105,0.42049101539091316,1
0.5751083064933524,0.5838916102047493,2
0.024952733286718848,0.24910637508453415,1
0.23578087966292716,0.4022407742664761,1
0.2626440915839692,0.08032652573631896,0
0.16135679028224417,0.0539786233463844,3
0.3127502418798158,0.5855051801789506,0
0.21666460250061964,0.5196356919186501,2
0.13183690502946943,0.02188619012861584,1
0.411065032888516,0.2800791865732591,0
0.2766169263163949,0.11610700781012737,1
0.1254169971192492,0.12743240292698382,0
0.2313914103236011,0.30659906690501143,0
0.6244179211229215,0.6299419813650992,1
0.21471585063813953,0.29765089447404436,2
0.3151477004604909,0.22987975365303676,2
0.5657414066755637,0.5068234517457746,0
0.6857836246977366,0.3719755613785226,0
0.2839820210908751,0.4320272828988448,2
0.30069074856461286,0.43201317355849833,2
0.5163067262937101,0.030013571114205995,2
0.24999915637061487,0.33633230583366597,0
0.20263929918228976,0.0,1
0.21582335469652852,0.45208383281163855,1
0.6046893070463133,0.40336166630157216,1
0.45114809927780664,0.1022664815228555,0
0.8901973727096969,0.5915323238616418,1
0.0,0.21379888239752554,4
0.8484688812785104,0.2163979692966137,0
0.37862985922375697,0.04171167298598699,3
0.4080235893319054,0.2444062162397702,0
0.0017051191405177968,0.0,0
0.16140172010988854,0.0,1
0.29903958368093736,0.2852573799149348,0
0.28838359336998437,0.11849216045015046,4
0.0918465513843772,0.17153682949831417,1
0.5375953845002114,0.7170821569665542,1
0.9122337969482237,0.4145205549278881,1
0.30727096303935797,0.36354717602111586,0
0.7148228274877348,0.8932128215499102,5
0.4878695719373256,0.0779646172809669,2
0.12719627841571657,0.43966809153559294,2
0.2601679930698407,0.32417222770883686,4
0.2759526956424686,0.40585469113705563,0
0.1262262976551785,0.6084088919213733,0
0.645243948474353,0.4385015478527915,1
0.29823546080273533,0.20945771627280935,3
0.27546604017233345,0.5217572557093523,2
0.5299596190755489,0.5253104569917614,3
0.2644079277705631,0.4426002853919889,1
0.5043648939283566,0.2655897664057894,1
0.7602764862179402,0.26188719761653434,3
0.17419563356993922,0.22792688265512095,1
0.6913420272205772,0.589092860492693,1
0.46648171403592315,0.6107309419433918,1
1.0,0.45584865063985097,4
0.11227219966770306,0.21442560446864772,2
0.6049985723892427,0.05400415847447826,0
0.42175837238284597,0.403622928551597,1
0.49836056457540967,0.15900142253633598,2
0.5429321418065187,0.6075106031276243,3
0.47829917045146003,0.12084524049183762,1
0.0,0.40399144329004166,0
0.23901159021410825,0.20811104712429357,1
0.4236456032370725,0.10357077338458104,0
0.39174792982014645,0.3984773880887636,3
0.23638751351828063,0.3595960690874488,2
0.5398338119892332,0.660686502615919,3
0.49853978237392865,0.37270510578471533,4
0.6444742298534241,0.07629834778661437,2
0.45185851068813354,0.08943712429299269,1
0.3156637316967254,0.1527551686072247,0
0.5230975137346756,0.573105283020573,1
0.43286189814482023,0.5909875042140236,2
0.4339158533550607,0.5644387042151013,1
0.5664250953158123,0.6773766889188517,1
0.7288996809334387,0.3636363687872435,2
0.2157173505600912,0.1324190187042918,0
0.676942639579125,0.19937576123199735,0
0.5351571402825264,0.18852232984611586,0
0.4168778806737378,0.02519084024594842,1
0.7596068578786576,0.5027031819594133,0
0.5845773668346983,0.0730802834492737,3
0.30089416919312617,0.26554294501537534,0
0.5911873017134223,0.7226116871842271,0
0.5866050946193314,0.26864100786720907,0
0.0,0.19641428080977277,1
0.38579299416251145,0.41991921545513233,1
0.46579397865407113,0.4247471046643663,2
0.5072939345280253,0.35719871123119457,2
0.6686595271563691,0.2964386240454019,2
0.5766689112417348,0.33680062790707693,0
0.3500856703486978,0.0,1
0.3066365006108,0.4026187750846086,3
0.819144608341745,0.15949702309574543,3
0.8018648923677826,0.6710041221019667,2
0.4178943040201049,0.022007662598761857,4
0.46584352482197866,0.43684061985304834,0
0.14207595816623958,0.09113032912595918,1
0.6151056842058118,0.22856992531468012,4
0.08682345639182687,0.3144474609755189,3
0.6756660670950264,0.6333717967628185,1
0.7337863059308025,0.39188325856614825,2
0.490480474216774,0.36363581003670936,2
0.4286392241486732,0.0,0
0.5640822338044849,0.1606418391617998,3
0.17707289844886326,0.5061416821780491,1
0.8143183080053759,0.4798396684995826,2
0.5706132050732234,0.0,1
0.4090732462100698,0.06728361400923608,0
0.7675148741739529,0.23871017730673572,4
0.5917845799866205,0.4033052604718648,2
0.40265410394557855,0.2567026676588182,1
0.19980532214567476,0.2530247132739434,0
0.41644225073411284,0.28348549418579155,3
0.4069085129230747,0.565035843630282,1
0.19030865136700068,0.19642462490422707,2
0.6001621021254818,0.5252240267152828,2
0.5141047493078253,0.6069356609156931,6
0.21870938135915838,0.15689569242756962,0
0.629081351170819,0.08911146072496967,2
0.43447117294334126,0.537489489451199,1
0.3660804288449409,0.30174126291303577,0
0.3118346379085776,0.3246345597069565,1
0.4405494333553147,0.32156949563373705,1
0.8736185146676982,0.35082565342899213,3
0.6358094233148075,0.5561739997206943,2
0.20539968461316405,0.5112223123265833,1
0.3727833169192032,0.33758306141826,1
0.9167255164768484,0.7034396597484124,2
0.5940541767355779,0.5165843383252587,2
0.993258898155954,0.5537841306708644,5
0.517844867021726,0.30465990762810935,4
0.1981319859029496,0.5295236305550403,0
0.19139951445161174,0.020892740907967777,2
0.4839594133880285,0.38705321546793275,0
0.4626487705411989,0.22639770890969618,2
0.6947671827195852,0.29425354266148984,0
0.040579537919569086,0.15627961592229356,1
0.3315197705738461,0.0,0
0.4304930868904378,0.553118304797539,4
0.0014478283263061054,0.0,1
0.45348230120905,0.34923513661483463,1
0.43930348389910545,0.28855190065322833,6
0.6456990679491719,0.072617405223174,3
0.025730558320483016,0.007785839125716065,1
0.2683635381018491,0.29213375985607115,2
0.4057671341189628,0.4887520390167211,0
0.6265617266966786,0.4213231566387782,4
0.4415069253369571,0.3315552611083675,0
0.3777112816198551,0.24298225413929744,3
0.513064165373956,0.27163700142703795,0
0.6560447558124028,0.3567449624047426,0
0.1327224196108176,0.3400475639732876,2
0.6596126524803367,0.3461754478239425,0
0.388957206940056,0.0,0
0.5244393346138587,0.0816721776259639,2
0.07361793791694965,0.16069548852377508,0
0.5147471203193651,0.6049192626531132,2
0.38477984787428204,0.38383215818229377,1
0.3403312773809394,0.0,0
0.38991436602770524,0.23107343368758954,2
0.2795044376892981,0.35836543030205964,2
0.2712986934416576,0.07959495432843522,0
0.22798136585862605,0.07457144528892229,1
0.447654155645496,0.49674080467173043,2
0.2869014039605201,0.2021819802583591,1
0.22761912478436536,0.41564121005066157,0
0.339021697940348,0.6762261274670827,0
0.7888534028597924,0.2997575923097627,4
0.6406100288073173,0.1369763484134241,1
0.11470202203824537,0.059407708371236295,0
0.42969303601458103,0.11434426438087009,0
0.37002423896107145,0.23563544323359426,3
0.8014199134952708,0.36504294630129536,3
0.3512499439531759,0.27508683545027207,3
0.48250398076322704,0.6903833817407101,1
0.32761507691710834,0.5628039200546159,2
0.309301556325618,0.43144730209007004,1
0.49463645207228535,0.0,1
0.1168072811566428,0.23924968316620837,0
0.27559414712845753,0.5169698260018005,1
0.0,0.0,1
0.12790972352119673,0.338518690345876,0
0.31823453499628995,0.31448078084868253,1
0.6773110092477586,0.14011148238465296,0
0.4892682278746949,0.4093697626303946,1
0.6389777817454944,0.6075212424013765,0
0.3818263696950545,0.36562975997480307,3
0.34166346201219927,0.2100751310607923,2
0.6707990457343429,0.14191457027096527,0
0.1866135299692717,0.16302713787938455,1
0.45047240581452513,0.4667761566659982,1
0.48550526396371463,0.2669396393307842,2
0.12679535435444222,0.34010509274277173,1
0.7053260635630795,0.8896311181708757,0
0.7874252977655771,0.7153726833022851,0
0.419203696012034,0.4888369014959567,3
0.4191187908888975,0.007812458948874612,2
0.31955235685080846,0.06508899279633007,0
0.3137996208240713,0.2973103507315537,1
0.7644926589615214,0.2701765177037716,2
0.20892861907492005,0.6035748192922118,0
0.2897534609722155,0.46535269858927253,0
0.49058711666861077,0.17773669978125084,1
0.7602961173601981,0.9098512625250406,2
0.49053662851036844,0.30358410240381184,2
0.5824397624710473,1.0,3
0.44494715972947185,0.4418120488597138,2
0.5059222410134775,0.44452882106734737,0
0.5167265394142319,0.5704415520886635,0
0.22444841777749996,0.6095014562334915,1
0.7336015670365219,0.5608553434661135,1
0.1836630025439225,0.15737219543149397,1
0.5142416704088888,0.4830403484521243,2
0.20341577663538218,0.11980359124387341,1
0.2893202783836786,0.32237074886100253,1
0.38677968168887633,0.0,0
0.5111848930069437,0.0,1
0.3920306322625017,0.3246985275911434,3
0.28149317614408265,0.4617320784614509,0
0.2741844837966431,0.3257228253871104,1
0.6667514883267417,0.404091660586447,2
0.553941610094843,0.7450349017431535,3
0.5593075328028709,0.16294228814854475,3
0.48479952884790695,0.0,0
0.20742754912016068,0.0,0
0.5801760095767658,0.16415078137903527,0
0.44460518446213626,0.40552986278838954,0
0.503854376150967,0.19273944732307532,0
0.6945837935010296,0.46701637628255666,1
0.9505457271058495,0.9001847411333678,4
0.23970479414323323,0.05469062303356348,2
0.6094012071178688,0.6363069242695653,0
0.250401942090362,0.35670517615682584,2
0.6297633376244487,0.16619217618546664,0
0.154987854468444,0.5448461278379082,1
0.8112824318491778,0.46890676532818987,2
0.6264817986753645,0.32371963832539224,0
0.4269379822600339,0.5991011851035681,0
0.5765055010893056,0.4891716367161494,1
0.16717180509363236,0.44311535951395187,0
0.2642389949527988,0.5566781536393798,0
0.35026186557641437,0.23919803581091822,2
0.17970659858952306,0.4322429548883817,0
0.424780146797786,0.2161719443384285,2
0.13768494815455076,0.10982614609373703,1
0.822777635909304,0.3671248416563952,2
0.1917553646208026,0.1489703323005771,2
0.40712196581349763,0.30807580309532046,1
0.4680061524956258,0.25660431947481843,0
0.6760166232859106,0.2806449856593661,3
0.3824134678292679,0.47543592789861067,1
0.4260131734056162,0.2072153915930875,2
0.2190783027606414,0.2218647068823285,0
0.7197118151090944,0.41788980887813115,1
0.5308230119799915,0.4720365815805457,3
0.2970161146995668,0.32885943269678264,1
0.461520427983824,0.3789076720370189,1
0.14547818010846092,0.5313951100198498,2
0.13462330563830868,0.15880427371963923,1
0.7326732274693828,0.26503055096746897,1
0.14121728613616116,0.0,0
0.548705175885935,0.5985088493170387,3
0.43643663490374285,0.23915045205113394,0
0.6242733928324161,0.28957061448258636,0
0.3580151707026663,0.3206457138624774,1
0.18257434727468916,0.13441597217341894,2
0.0,0.0,1
0.664351044023825,0.23124237405421036,0
0.9419210687122972,0.48269293929042456,3
0.523185605584161,0.2938724830517635,0
0.21592419674547852,0.57929571912316,1
0.5627764457432743,0.0,3
0.23670872086626435,0.40104571921766574,0
0.2612721862421865,0.3529842783685698,0
0.7282021035155148,0.5071774494749137,2
0.5812588692547046,0.0,0
0.39936345506491394,0.6608427408560626,3
0.3046690509489567,0.04207941672069987,2
0.7171989406513716,0.33107980526984127,1
0.820451607639052,0.4866211090367956,3
0.5712412060201562,0.4538407108368644,0
0.5089811278917412,0.3861629877427631,1
0.2820110899353297,0.41395615753940285,0
0.40223795069977136,0.4259769411075406,1
0.0,0.34588848271804884,0
0.6553613572875556,0.5891507522663025,1
0.4971124719859688,0.049618181825286184,3
0.6321415338402329,0.3332851313716585,3
0.5051978863772991,0.5816844413293726,1
0.2707531923714128,0.4663216919420812,1
0.8049938487107602,0.602902158649856,2
0.2852731886719338,0.03921923601728823,2
0.19577250028693333,0.23247064381816862,0
0.404599729418117,0.23222338610218862,3
0.3467846254268484,0.47506845431414,1
0.2793375306075527,0.17277376698985947,1
0.6043740057447765,0.7893559144823181,3
0.28250493580583147,0.0,3
0.4630374530716179,0.7131479748707386,0
0.5196245701709398,0.20223163110276707,1
0.007065475500371232,0.12989937374943308,2
1.0,0.5530906140904374,2
0.42901273612585894,0.11008981460018341,0
0.43773838331751536,0.2963959171061217,1
0.4617841106127738,0.08050603900561348,3
0.0876621294017648,0.0735934326280836,1
0.2922437500457697,0.3717414101330096,0
0.365379207330968,0.0881652664719825,3
0.6434168407864215,0.15336910265401996,0
0.34339035805965096,0.0,1
0.23309611833120608,0.015125406365135999,2
0.24258321034016186,0.4940344477561911,3
0.5486173578654497,0.16372700524363454,2
0.5985645152181865,0.09655835035296437,5
0.5023177770052786,0.2858765305742201,0
0.4860682954287873,0.27464139875692317,0
0.6351640048553923,0.8193191511058302,0
0.2868151896176012,0.10762575956331225,0
0.6748118728867905,0.4862202747360137,1
0.4917548501836151,0.416227049198052,3
0.4338145605539172,0.37261560665737814,0
0.5780117536652607,0.4646173965490212,1
0.5362411314680569,0.2757459932352737,2
0.3234694634299088,0.6714592983985659,0
0.2797496223392284,0.2727952821877422,3
0.5553397719953298,0.3286966638599533,1
0.3301737170277527,0.10996101019327936,2
0.40132645020442487,0.11003387846543533,1
0.45106048668689636,0.3897305723895045,0
0.10290224500130685,0.0,2
0.7203115175456962,0.21801771545493948,0
0.7866098423295156,0.3519574537277703,3
0.38524640742999994,0.7450714396853824,0
0.6603137323509782,0.09489959904376322,2
0.3430785796966981,0.02812230166415247,0
0.48027718460169333,0.37083657822369437,2
0.40348143402854303,0.22270612582951815,1
0.6428067450478491,0.3551758010301597,3
0.3989507132452508,0.2729665527004935,0
0.5605962167013786,0.12145139425154972,0
0.0,0.13866965367105755,1
0.10663102536776035,0.0,0
0.3480995026591167,0.22135376729109515,0
0.5306880371978563,0.2378810769434137,2
0.1651204537616931,0.3415041355053085,1
0.19821580435844133,0.3703382107007858,0
0.6320298991985562,0.4133440139514807,1
0.44484577047655965,0.565668004945443,2
0.44812687704203547,0.11424931674116034,1
0.2539625021706704,0.0,0
0.2999001778240838,0.5365922078298897,3
0.38059891874738677,0.3806949188830363,1
0.4938139807484516,0.21663366272170112,1
0.40160211595343814,0.44561805515369735,0
0.23807417403989695,0.08674269823869975,0
0.2654983804836494,0.18288171368819275,0
0.1203883907650721,0.0,1
0.4537211452338176,0.19216327132113628,3
0.5086397409609511,0.5126890259087042,3
0.8048684698421981,0.4737010493467644,0
0.0,0.4594904778230893,3
0.6238989294200554,0.5129137028684272,1
0.37889541494198853,0.13785808321184603,1
0.4413714375766211,0.1567677768229942,1
0.24225950976895844,0.19623626204541622,3
0.3342149806093119,0.18934362695632923,1
0.16222027133269568,0.1858570603165352,1
0.0,0.0,0
0.5290379779099762,0.21403937245873794,0
0.58630534767205,0.4775751344428097,1
0.5630718927424292,0.39429342646575827,0
0.3415021253713167,0.013562270705417129,1
0.6074905624509105,0.31384269772819273,0
1.0,0.8623980269000989,2
0.7120174418319416,0.36080498419106666,0
0.5754750180749948,0.573838884356495,2
0.27526434340710554,0.11767895152140259,2
0.5501259305573762,0.5081081337429864,1
0.6480415665430196,0.8428815956088471,3
0.6621095526379754,0.22373725188436466,1
0.7248812323228113,0.07266341005529359,2
0.19950861728608726,0.17357064044344883,0
0.3069362274312968,0.3452099304079404,0
0.40411528256808615,0.3675435297933729,2
0.8971200941736153,0.1931340686955226,1
0.5028355002160252,0.36560523452209626,0
0.3265755262303631,0.38058399537363224,0
0.3486505531647844,0.19905776038200268,1
0.6261645453349468,0.6274802504431026,3
0.20308590719617217,0.4516931822143057,0
0.3858230508074099,0.3731112104226766,0
0.1801305504918298,0.2639104035339715,2
0.08235283010764981,0.30597414774825127,1
0.6937373804010016,0.10975487409125506,0
0.7512322373094807,0.25767680929570824,2
0.5790194329824829,0.2547792075455306,1
0.5518305379549894,0.16429856292682304,3
0.7838928657378447,0.19547248170034512,1
0.1411453172069026,0.6508947849461902,0
0.22224254724952427,0.7191061520786121,1
0.1328067122941099,0.1066146745487024,0
0.5748591127209584,0.47006679748575164,2
0.6947123519265505,0.48028986834727816,2
0.21644028891921013,0.41994069331171263,1
0.5828214923173067,0.6460767211112585,1
0.612241812957929,0.06941049330437327,0
0.40469511857263896,0.4543863965076886,6
0.1732810028156297,0.0883650553224059,1
0.1992954880654353,0.5954124872856237,1
0.6248899433127096,0.5831426249587968,0
0.31057875509616645,0.07867856175959978,1
0.2055270249801903,0.21421972312616894,0
0.6023083087327737,0.415355043441834,5
0.48239449667851775,0.5614524120431121,1
0.12795437877752086,0.3111616178923352,1
0.088910601529362,0.0,1
0.5999645457162154,0.8768610711026723,1
0.17015173137985948,0.5776560672839299,1
0.29727435703963917,0.049144909444365614,1
0.3276623060406813,0.3349009889459406,1
0.6265120163484836,0.6855077722658817,0
0.20460890637673412,0.3471956737964561,2
0.3596133647455224,0.19171519547156907,0
0.4275993100123727,0.5459234571433333,1
0.3251806918499552,0.7871115105805846,0
0.4776043271054276,0.2828314319624349,1
0.44633075657789145,0.17091959603534893,2
0.8692962885530663,0.4746026775813985,1
0.27277757294405947,0.19199280176244954,3
0.655718769903766,0.25816703328797297,1
0.5167568688281529,0.43603045311127264,0
0.3915512283687581,0.0,1
0.28646549015548683,0.15108109913736836,1
0.2593302828495765,0.3813119813630064,1
0.692046854000455,0.09677545437621832,3
0.8469433617501166,0.7375734260605118,2
0.5295493884291181,0.0,3
0.842761848786773,0.12812712468621146,2
0.1175648670994601,0.13212163139906324,3
0.2966717118895131,0.3673604843856103,1
0.6276213510263958,0.6802825390311582,1
0.41558951519317605,0.37849539460650566,0
0.7086957276998814,0.092110622539336,2
0.5707573058332982,0.4612958036674053,1
0.38516127146653856,0.10365786507065661,1
0.18865282008215917,0.21406427960059787,2
0.21659422198308137,0.0,0
0.3366225960103635,0.24898915114424341,0
0.23786875166768817,0.12878275807226897,2
0.19870979282058002,0.026196680877341394,2
0.4239644255712393,0.358464211092005,1
0.42957944135620785,0.19126565918164143,0
0.4013727522560301,0.37067870796868946,0
0.34557636850977513,0.0,1
0.5028385249636207,0.4776094572949834,0
0.43959398437458835,0.0991204776744164,0
0.5604135052090513,0.40304220891243653,1
0.5927239551600942,0.4218621659444428,0
0.5221642856867743,0.38997625444945117,2
0.6536998808659898,0.167468854687289,2
0.4352292862496585,0.4761492683524828,0
0.663729078750352,0.092633357544041,2
0.6342022116303739,0.1683608418868513,2
0.29297719165683656,0.0,1
0.7143984045445586,0.3537828254989048,4
0.3118242058803199,0.41519928252000626,2
0.21314456457441952,0.0,2
0.3943094441218879,0.5303288386637907,3
0.33538651113985524,0.28479252842460545,2
0.6232279768255273,0.05454460354751989,1
0.42286578031383804,0.36378769050204224,2
0.5499209204946405,0.4230135676436473,2
0.31071979869353084,0.47280805243263424,2
0.7356244697238299,0.603109588764402,1
0.37344146599498595,0.06846886928941881,1
0.31293327153158884,0.3248304301757537,0
0.6060804710931011,0.2143409922438333,2
0.6598731758961893,0.8321611026676539,1
0.07960838319416391,0.30010742056305895,2
0.21877778235966983,0.8990909390733997,0
0.4042792633872986,0.19035146035116646,2
0.5841581698721493,0.16151300295354262,2
0.39368185415115936,0.1855918534127048,0
0.19475267554652695,0.40604411903895576,0
0.5131708870906273,0.23571668790050748,1
0.134745575408457,0.12206690626698373,2
0.1301656771187558,0.2605751600786819,2
0.2798257782515894,0.35297126546501195,1
0.6098988770578975,0.3177822173914238,2
0.587569804668894,0.40070924475459024,0
0.8662271254015371,0.48098528626759407,1
0.41855309144272945,0.21195728857863236,0
0.47601770241490415,0.45837678866628484,2
0.33440278406676044,0.6156372406447348,3
0.0,0.0,0
0.5687279002166838,0.2764433358022031,5
0.630438252202823,0.22116161896821113,1
0.0,0.13684239175744622,0
0.26247552647220557,0.1636684866195281,1
0.24901374630478396,0.29482969878810555,0
0.43833502649332035,0.5151331295163208,5
0.3091665374986421,0.0,2
0.46068387347762496,0.42483881908106286,3
0.377207421463401,0.1941139539818691,2
0.3199601203670322,0.33276723236526173,0
0.3442790367780874,0.13692283903319943,0
0.36635417078252003,0.5627935478861402,0
0.25622021997776534,0.4754383188694653,1
0.34184656826759136,0.3130559462355902,2
0.5002951338547338,0.44888596125823965,1
0.4073398361529286,0.21692867663577586,2
0.5398034602125916,0.09427046112916648,1
0.582109633942596,0.5909971359047281,3
0.5496034069552753,0.0705070658163314,0
0.28952902960748134,0.5592206833091726,0
0.23450787845047688,0.3122279672020682,0
0.7044015868267703,0.5512292171350667,1
0.21396516825446374,0.543528285591649,1
0.32282892805761076,0.08112423031941596,1
0.15697192583281494,0.19106710848854588,2
0.39279416286766866,0.48942263061084057,2
0.42254903927774967,0.5397220483460314,0
0.4128168772087468,0.2551554564630849,2
0.22874024726667747,0.0,0
0.6503474150313163,0.3892731949122512,3
0.5083240485441392,0.5813534915413126,1
0.2557269761284473,0.1475339052136317,0
0.3492455991750589,0.2960068792287356,1
0.4655003804622648,0.3616086378822079,0
0.24792558944039608,0.3535114698871353,1
0.0,0.3148540136080577,0
0.45762397364290236,0.18162332586047747,2
0.32208767010575995,0.04029333487207115,2
0.6214198323582082,0.0,3
0.17286654606538251,0.0,1
0.45136837792049855,0.43824130333505845,2
0.12404587710206816,0.5804620310198771,0
0.43418916120298356,0.447011954967255,3
0.22674267676827814,0.4459941071218383,1
0.23901097048307726,0.26887433857665405,2
0.5268923863258718,0.543459963936613,2
0.6724341641298677,0.393951840780561,3
0.5134350063922934,0.6813175887076741,2
0.5143343222780777,0.3384307080599074,2
0.26545452541619236,0.45647047543260655,0
0.4022837993715091,0.5313525097100974,0
0.4115517298342218,0.49229312652891877,0
0.5035706022375882,0.0,0
0.3005662704808039,0.5416971560827768,2
0.6030787245898837,0.3343828361513707,0
0.364839216618518,0.2073953947934638,2
0.49110849981792437,0.0,1
0.8617372028612391,0.501183802199862,1
0.11748510583832789,0.2646237147635807,3
0.24942049403421623,0.0,3
0.31745293533267066,0.017391427387896508,0
0.21338802942344787,0.43703195295471575,2
0.14837470913707748,0.38661931661021776,0
0.7410182464140805,0.30043749072148,1
0.34870300579095415,0.41026049488823424,0
0.6109182572229432,0.20905054648215637,0
0.5300202127148173,0.27308855781840635,1
0.34251998849286036,0.13425191810273404,0
0.3556510309273098,0.0,1
0.4762387688288747,0.642513766026897,1
0.6420297761264212,0.6297425019737753,2
0.03396401343460237,0.0,1
0.31696785979389586,0.4115771663327999,0
0.747186011138689,0.15780602090053136,1
0.5088228328716429,0.31619820397353593,3
0.4446515618816101,0.2636551075383142,1
0.5286093928043,0.434380285646549,2
0.21210471994876406,0.33759491093608773,1
0.4417338326843923,0.3768053813756399,1
0.47555523656081444,0.17365552567450732,1
0.6111533063570088,0.4094395614387566,1
0.15071396748038268,0.41494723675021616,1
0.14784759848635867,0.21315490498391768,1
0.049476507283262125,0.09793363475341076,1
0.6223312235775784,0.27894220857336394,3
0.4915089480112138,0.2901428637328625,1
0.33296790175565166,0.12811766847183237,2
0.2722353524468015,0.48913977493042504,0
0.33645115989145913,0.1490627872176423,3
0.35217378679156536,0.16264240633442126,0
0.39233263316132944,0.36154015052340094,2
0.38478388554017784,0.08210755323650556,1
0.15006929922529483,0.0,3
0.3194102976618099,0.29844666293287286,5
0.6792946885058282,0.1386710168903999,2
0.10478873679852568,0.0637814519162675,2
0.22428406827945935,0.4239569675177275,1
0.19823454133085752,0.16364746618242493,0
0.6953662620483089,0.6170659379056616,1
0.2717295100486987,0.03469822124913563,0
0.7014890001800987,0.45330267210733555,1
0.592418062497439,0.4708225655420046,0
0.7541052382342048,0.15748944764378153,3
0.5127692517647192,0.4327202294039926,1
0.5089078982313042,0.46440911711858696,4
0.5813893468292681,0.13504102326789225,5
0.43186390405948566,0.3644588493966173,0
0.615627468296974,0.5334422134185153,1
0.18054117939063447,0.05394099307181062,0
0.3079448600338783,0.0,2
0.4979354868019003,0.3601140678148658,1
0.784558542127225,0.929300444475343,3
0.7110137304367256,0.2880880017733721,2
0.8794319352883547,0.7338493332117715,0
0.7358275481706829,0.3515318630593909,2
0.9197326198307872,0.5714782648869978,3
0.4966443076072688,0.5388798408029046,2
0.42347982934679396,0.17032741407226612,1
0.8771763957540647,0.4430178857481354,1
0.5825203759123038,0.44710609056467326,2
0.6445306279864857,0.8195851293192742,5
0.32743188613256013,0.35949731243966165,2
0.2109411314310033,0.19087224267150782,2
0.7630664480842758,0.5004001089967718,1
0.7646124520016351,0.8782039285940553,1
0.39969569904452096,0.3393021272420179,1
0.5994871213566385,0.2183199537607467,1
0.56921062768519,0.08081895902863723,5
0.5208481287641833,0.029200524509760295,2
0.6686518950064756,0.40255697333422136,4
0.0,0.2832958773923166,0
0.3228317400914355,0.27503176133847185,0
0.33962033059823094,0.3308815389302091,1
0.29275713140647397,0.05690772752788292,2
0.5685826168469114,0.3892859148838191,1
0.4907587555046187,0.4093762236459983,2
0.4371285134906805,0.15758809593157294,2
0.28347651674902274,0.4739355387575727,2
0.28909811194844315,0.134708392774821,1
0.13118606729351748,0.2764340549240272,1
0.7810596987882923,0.6747916664819001,1
0.2876499277494429,0.2520714171276096,1
0.19306310014389239,0.26234868608546325,2
0.41486729591882643,0.0,0
0.5218327644711741,0.4902655340903373,2
0.5615456719570635,0.195601436618066,2
0.5110539622916556,0.4455750478362782,1
0.9093483964641824,0.7053651050198011,3
0.4926080191490628,0.0753297515477927,1
0.41273766745952123,0.3167593043158824,0
0.2929034459351622,0.3553077254776347,0
0.5183139223504247,0.11046360791217136,1
0.4060798445346484,0.6138997826297332,3
0.25053045946682106,0.006856997379546731,0
0.6255469008234515,0.06587238472477355,1
0.6999625730555888,0.4929656102097577,3
0.13420077011188267,0.6914279931903708,3
0.6445356917726306,0.0,2
0.3212806970788679,0.2961840720593409,1
0.6012938805928119,0.3845876077906684,2
0.4460186048064124,0.3284185176228287,0
0.7859626358881082,0.5030770256765185,1
0.41234008146409296,0.025880736029399942,1
0.5712280644403966,0.2347502636188874,0
0.38887371783004443,0.18913086469834237,1
0.5708775776065642,0.12926068193882528,1
0.05898467545905889,0.24380359194281648,2
0.292190543799389,0.11435964894096078,0
0.16541887862845253,0.13897091649649201,0
0.6839859530966281,0.5249167995940726,2
0.4873718785954147,0.09703738374716708,2
0.09846392188722453,0.14752667847316428,0
0.8010136423983687,0.8556621801176707,6
0.6690706999247452,0.1388355769291567,3
0.43991476600302126,0.5654754069181338,2
0.6543190938615429,0.4495538816094722,0
0.7196634699158609,0.409204049867835,1
0.6023808157550872,0.09770121964474981,2
0.11704069937647203,0.18085059110820137,4
0.8568489541964452,0.7861309614993115,3
0.3378060857207964,0.18519614927168632,3
0.2541105610449898,0.20576904234641719,2
0.405088388045269,0.4833561747288462,0
0.6404906523524602,0.5785880320581674,1
0.7260886652986385,0.15929526306700043,5
0.19788373003376408,0.21471912607257854,1
0.5398161494190125,0.6311233084304506,1
0.7250087473585478,0.3724371992717787,2
0.5353972058970705,0.0,1
0.32668813998165364,0.3200351193213651,0
0.6611595078818286,0.37468064273975354,2
0.6426901368635718,0.12982923529330453,0
0.32907525835021934,0.0,0
0.9303344900095003,0.7879386912959793,5
0.329877404022057,0.0,0
0.2206865225211403,0.036610244456515534,1
0.519974676301064,0.4558459614486109,1
0.40476144007794573,0.18678803429476737,1
0.46075102257964023,0.44414943701374265,1
0.4599389250616021,0.22214093023080017,1
0.4918826853104849,0.22630265021713394,1
0.7047461952934071,0.14611605307657574,0
0.7406234772685585,0.470914672884568,0
0.48284383369523126,0.34505383582635396,1
0.6150121649729204,0.32304359723789056,1
0.02263318551294935,0.5751842738475745,0
0.7511774563973571,0.4070775247583035,2
0.25808220030020357,0.4131183274554624,2
0.48115759986572754,0.31626886680645705,1
0.14608885889985684,0.3411642344549406,0
0.6273303931166634,0.30185111027873185,2
0.2933253316475313,0.47700382175119393,4
0.271139874959862,0.15704407668766165,1
0.5030001953841515,0.4537245020120938,1
0.11472161319490154,0.22559050283515075,0
0.5229499449934221,0.44688954289937927,2
0.744956187030018,1.0,2
0.1225469216075823,0.08701554177758963,4
0.3701820367963199,0.20261034518316104,4
0.3366430927719948,0.30482580926997754,3
0.943552759504531,0.26819274497633294,1
0.6910623470457453,0.3753155446091776,3
0.17414385264230206,0.000930978607102978,0
0.2916986246766556,0.3410476090117689,1
0.4821092382540828,0.43501107002866757,2
0.26072855113685234,0.15616119362785696,2
0.429164975063119,0.3485577127328199,2
0.3885383376380315,0.0,1
0.3794849724694359,0.02894430001020004,1
0.5494383684528348,0.3836276186560493,0
0.5140960317402218,0.0,3
0.4550732680860224,0.0,2
0.26103897360003925,0.2231230247718272,2
0.5925854984271446,0.32499522630171634,2
0.10757998048081768,0.523350328052792,2
0.36362332323834967,0.22264631578278754,1
0.2657850904264093,0.39853065526499665,2
1.0,0.6581753245957661,2
0.7734571333149078,0.5954214453519511,1
0.714424620196113,0.273196572984048,1
0.278252737621274,0.0,1
0.6186807201369032,0.1923649841769948,2
0.36496144551821796,0.014037303265505952,0
0.5517477208113173,0.13890972887369274,2
0.47331135889178955,0.2522061073974644,0
0.11865857488435624,0.020469466138162196,0
0.579033281351753,0.4600719110876558,1
0.36921550536952935,0.42109431635160605,2
0.4405897800470207,0.1709741062665229,1
0.8250309078551248,0.6181051579487725,2
0.427020437068929,0.3051820018057382,1
0.7628814465008682,0.5626158724929171,0
0.0,0.2118838032497385,1
0.5690063511773745,0.3289809496375255,1
0.6824046354237217,0.32744059099763095,2
0.7086742553714498,0.3431911696015229,5
0.24357367783295528,0.020615450124496726,0
0.38331724006542356,0.06997100374177823,0
0.4892382787547654,0.394095291936835,3
0.6633689079743065,0.09114542649567536,3
0.4178444134915122,0.2602237499482485,5
0.3231996728876931,0.40127587104719054,2
0.8775381443311636,0.36748627577447357,1
0.0,0.26651443897497434,1
0.4484798947401749,0.26817810515328555,1
0.777241294370973,0.1799234070363312,4
0.5524935061297708,0.0,2
0.4238987391563973,0.5044171841167074,1
0.44981426412886116,0.13459842023977728,4
0.0,0.18274950878007923,1
0.2913883849056065,0.06606010409569729,2
0.8374853553355328,0.6871756691368746,1
0.2342947197678545,0.6713493311218296,0
0.6007017671965381,0.07253581385434527,1
0.16438820915601715,0.0,1
0.5994115185278348,0.48572316256973147,0
0.5789367458344266,0.5644305661936379,2
0.5160770138914951,0.5268856391422984,0
0.050883644281581875,0.09762256488572875,1
0.053632661758552885,0.6044533602371792,2
0.5123665673562761,0.38146080518858994,3
0.23338495306473045,0.05911845307237232,1
0.5156991055748399,0.0893255767636762,2
0.24496326408480767,0.14722083238538503,1
0.5432706172265227,0.7824961101291179,4
0.4832757966741045,0.204473214048757,2
0.2472017570622718,0.30987688536107205,1
0.0,0.0,1
0.3000084498729426,0.18751087610556033,0
0.08959859105677781,0.0,1
0.33697661491020753,0.3856243289913653,0
0.3409888033570024,0.293575858476409,0
0.7253859090697704,0.31639320393719694,2
0.5746229187470038,0.0,1
0.6672060415540666,0.5744749213234576,0
0.7128237097761323,0.052772775233909275,1
0.03715143062972509,0.5639088404027858,3
0.7625910986869728,0.38490283671052095,2
0.4139455333399873,0.0,0
0.29219584238652274,0.3142618352855043,1
0.4558472800531505,0.0,0
0.5775761092219575,0.10707259405111333,2
0.28235604036999246,0.3177043399865796,2
0.6161369505769061,0.0,2
0.2353579493976908,0.5996630272112673,0
0.596794413101352,0.4925915100097927,0
0.2800503427910239,0.06686388921074721,1
0.7003385151647981,0.2417627128125247,2
0.1264594128545934,0.4397357464517513,4
0.36167581213367594,0.30999168880842054,0
0.5052446730252332,0.5650791394001794,0
0.03828795487649789,0.06467946199701341,1
1.0,0.6140150009072831,1
0.4256886926220835,0.32936669127859564,2
0.4278221410125336,0.35981070650750957,0
0.448405435580189,0.6189998757545373,2
0.7957887006992026,0.34824950188089493,6
0.5323948269117832,0.2315710130653352,1
0.29160785865181044,0.09244943383572936,0
0.8786017689091621,0.39429700534406037,1
0.2877266459975847,0.3364684219450459,1
0.5573383150399813,0.0,1
0.5028631717847745,0.5431126093790404,0
0.5133090084310927,0.07000012009904386,2
0.18793403508473222,0.2455696487215173,2
0.5490552659194213,0.5941664286242067,1
0.368758630003575,0.40090537023119643,1
0.37733476450164094,0.4209121469105378,2
0.7252964422132118,0.08845146612129837,1
0.7160286236591279,0.314848725443168,3
0.5687933508910437,0.6917533172099415,0
0.357779910069222,0.17032604890300926,1
0.15969891678837939,0.14935414112869663,3
0.7648999332257918,0.5776623343083882,3
0.6867861458156891,0.343814071134561,1
0.3789782264383513,0.2635552920200122,1
0.6989396663177848,0.35544802666390357,1
0.38542857942827674,0.32177889195469184,2
0.3679960449770431,0.09804774971978684,3
0.3512652159813378,0.2380736506592359,2
0.5787450600279411,0.0,2
0.46556785942297085,0.3241105926695956,0
0.3433884048032424,0.12696572112880705,0
0.5304830215372546,0.6462345810528696,3
0.4770536920156194,0.3009962141409638,1
0.3931331864770117,0.0992014234966101,0
0.6524732222121263,0.20410930094885604,0
0.1748381594200454,0.16889641759930157,0
0.4623778626343067,0.5113310367441538,1
0.5292678910839569,0.2986129829050028,1
0.6150326783953244,0.3876088801728732,1
0.3104423862621099,0.5110237602504899,2
0.2475947833587767,0.2871572477064642,0
0.3426508342038341,0.48072485017851274,1
0.5519053129830589,0.5741993530192165,0
0.7487158947966261,0.3026828894909248,2
0.0,0.5130453439351288,1
0.41183341181841704,0.5618655849006781,0
0.5352372823684491,0.855070856940457,2
0.42191640686495735,0.42509706439154593,1
0.7157948739726236,0.5397387871677677,1
0.23852623139528611,0.20369126006338817,1
0.27105877118376714,0.04975169880470623,2
0.36196307936033323,0.24586304080330657,1
0.6156245747051856,0.0,1
0.43835688093265585,0.5654309517836325,2
0.6508576887771884,0.21746720530102445,3
0.4396253910527936,0.5225597282404717,2
0.6998989104251536,0.2181720528865265,4
0.5318406407140025,0.581651720526946,1
0.5899225171327668,0.22808045993505244,0
0.3702804939858146,0.18477951494399636,1
0.5135375811463597,0.6759388019047499,2
0.6683022666956263,0.6966287971465296,2
0.49392990698696493,0.3119404420764669,2
0.5538218127311797,0.41417151455559226,1
0.21668108784686954,0.34864588084371273,0
0.2451801190011148,0.20977997801769416,0
0.24442464993863494,0.12634031965392623,2
0.03566544837660085,0.14470789222832214,0
0.6788151960164851,0.7909663430633034,3
0.47116769191908064,0.8034472677360188,2
0.3119562352217407,0.4818585165820298,1
0.5715886805090918,0.35894938008457883,3
0.15897376815279507,0.11356017964848167,0
0.22315902224189219,0.14684112178091308,5
0.6415440677810538,0.3099774919255418,2
0.4427981805929504,0.23579272614683366,2
0.16246769889650745,0.6324012477735663,0
0.37405944257112295,0.6314822301925243,1
0.3651287389300591,0.46906433558960153,0
0.18930862318488328,0.13317395569932033,1
0.6127360260560742,0.653849956114804,1
0.27000973830600433,0.260602803615987,0
0.41696652405065954,0.0,2
0.33251003472330326,0.3590608014018329,3
0.7378669120137882,0.2314029254580302,1
0.589006070122532,0.08228762620463909,1
0.7360048075884539,0.393786722432066,2
0.02135945287836824,0.07814477153462376,0
0.5054712436315414,0.18893292683897822,2
0.8656430623341733,0.42403338634123494,2
0.5149610044313422,0.0,2
0.7859889966397188,0.7153406485891389,0
0.27147116929637854,0.051280363412630176,0
0.28986235439661046,0.20837979421073957,1
0.20495730243559676,0.15758932740212556,1
0.6761901111087809,0.27008951736758846,0
0.0,0.43568504184324286,1
0.7686610936148736,0.5919977213385847,2
0.3087207886465121,0.32581254007374305,3
0.6258965772762651,0.5468971372266622,1
0.16581322959048755,0.20893134519599296,3
0.47169798047061656,0.384548327852032,2
0.3769021649182511,0.0,1
0.21400327721797952,0.24913473928731267,0
0.5328038797955421,0.5828365839620481,4
0.5724462041772886,1.0,2
0.37302472129518904,0.0,0
0.2307764986849191,0.3311817652202441,1
0.3156749682633959,0.23814209332416475,0
0.43330272109922635,0.7426820131750801,0
0.61898673557728,0.0,1
0.599701519738473,0.4769911635893547,2
0.5637146905790154,0.03924177244107818,0
0.7535192277178899,0.37031514585287945,1
0.17166197062372474,0.06912022422219395,0
0.7280914408486735,0.7109384474425673,3
0.47851834552400685,0.04998725248706254,0
0.4418291949736896,0.4993044871939519,1
0.04076615485833596,0.18081046927188824,0
0.11605925082787664,0.059885474701155635,0
0.6005831224938569,0.4821122275790594,0
0.24865853608992217,0.034963990294271274,1
0.3060475178034886,0.290050501438491,1
0.5188135486733081,0.07290811354767071,2
0.7064323328191056,0.7139131751532368,4
0.459035542262752,0.47412663588938575,4
0.4866349822973957,0.2858218505844565,1
0.22275907214942614,0.09573222334750763,3
0.0431476691054294,0.2596190287902889,1
0.6626666412245479,0.670572658889857,0
0.11016387091801402,0.1389359963487119,0
0.11830793115446717,0.007826775513531448,0
0.6071379495355578,0.5618132308246715,2
0.4098299026076143,0.0,0
0.4158683015197434,0.0,1
0.7500594173884427,0.11560287127557423,1
0.4550092407269126,0.22444239811312766,2
0.24199370576059653,0.0,2
0.0,0.0,2
0.5843418512081605,0.10131700230905127,0
0.5985571053509945,0.602755903896841,2
0.38597676985148277,0.008375737049669651,0
0.20122815743982841,0.08423488024930786,0
0.4535374617404674,0.5983536210254663,3
0.15456364202372283,0.2359072616205628,3
0.0,0.20425731152540663,1
0.2629087656628099,0.017238565507888354,1
0.5291943899553783,0.7539352617337551,1
0.573096705486654,0.27692051155318453,1
0.5174228976588099,0.1871936465424029,4
0.7725249233605584,0.7582550511569986,2
0.3075804554627314,0.23816354469847348,0
0.34666882416241734,0.49641504963340155,1
0.251675137816686,0.14475271690435218,2
0.8081751470142828,0.40282043206148366,3
0.529748096588625,0.48608908695770287,4
0.541905704167474,0.48694900307068767,1
0.34216810913593104,0.06662516345043387,0
0.3037067728344257,0.16598434905094267,0
0.6782978742625554,0.28754152506520037,0
0.6089382515675558,0.0,1
0.33443674381794863,0.0,3
0.11299447400128429,0.25708132553827223,1
0.6061044227185771,0.6189853643753336,1
0.04098690632833718,0.43646022446281074,1
0.460997499856615,0.0,1
0.6955576009496116,0.3903884936029751,0
0.9631565493645842,0.27784938258291303,2
0.46177761850871085,0.37236127373976463,1
0.31947070112774384,0.09717382652216505,2
0.355232208675374,0.4574801780721991,1
0.18873815317987838,0.16571093680077986,1
0.2225376742312729,0.0,2
0.42585488984055436,0.12513415856321963,1
0.11095680574654623,0.11088424810736237,1
0.43786735169377655,0.2931132565925268,3
0.23327016550037566,0.0,3
0.5408270880573588,0.06253575907854209,1
0.4912382362222604,0.390120738709023,2
0.4909862393245986,0.0977643420885625,2
0.29904008760449585,0.0,3
0.3970286319348252,0.1846370308848232,3
0.812738739933613,0.3913046255853769,0
0.34723677460303387,0.08005316533789614,1
0.4670186950771451,0.22290365686692434,1
0.4174902463041499,0.3139950987915426,0
0.018096336622192344,0.0,0
0.5013646181583377,0.40288530186830473,1
0.8562092285987765,0.3099810879229873,1
0.3016260368710961,0.3404995267601645,0
0.03085879939780982,0.2265011877231234,0
0.8600693236957115,0.8105844053084347,3
0.4075415654536242,0.5688742093164155,3
0.349889795912869,0.4473323639506719,2
0.5631787108093066,0.4126163932466705,3
0.4017344862258903,0.37409619847623266,5
0.8759616735715794,0.4267179823210003,2
0.5887467427014148,0.17014606464139756,2
0.2110013891411394,0.2791083471457383,2
0.02498611631698766,0.39522089082428047,1
0.17938854787562175,0.08303103828117822,1
0.24825971757500334,0.1918182090195954,2
0.9238259432867038,0.24027506519380734,0
0.3043352069243776,0.1978635295622886,1
0.10194753363405673,0.1512835099179027,0
0.08001863064455111,0.0,2
0.3965487931996901,0.14717812206204126,0
0.4157989530340564,0.36508824869165263,2
0.4378623780375431,0.42520241389280355,1
0.30023947795822237,0.13865726250833993,1
0.6370334545696714,0.5735564281573188,4
0.37677330082376637,0.29673271615634955,2
0.2742811720933005,0.3900428562990608,1
0.5255568105298469,0.09185943342074515,2
0.6722505378503987,0.3448717398508527,2
0.5843437273297558,0.06777699792837188,0
0.38520475330248577,0.2524922499134489,1
0.5401537073955348,0.0,0
0.34807650529202244,0.3604661422152907,0
0.5161915434489335,0.5005709361054078,2
0.4074055912197952,0.5062457263774407,1
0.46943200970598026,0.38654889619994015,4
0.2926458791955795,0.021119906201809063,1
1.0,0.3115812283443792,7
0.5017583957523928,0.6256348276611832,2
0.2344617121183592,0.5154334119790909,1
0.16620599972725597,0.22825612292102498,2
0.49796791769051396,0.2970862298961956,2
0.7354360616940643,0.5599141157328952,1
0.39709764575984874,0.18098966757925808,0
0.42116596340784157,0.24536460987059067,0
0.18192959921974755,0.4372146463080074,1
0.3540885840839071,0.05316993209144835,1
0.7219004799250798,0.5880417993040624,0
0.1708099142859844,0.28372889839900506,1
0.284701392017014,0.2587043896516384,0
0.43184509467477994,0.0,0
0.39770423770787955,0.030122760410801863,0
0.8154334165020286,0.5456730126590252,1
0.8070129002730878,0.19757766043697816,2
0.6405045261150224,0.42624651381150375,3
0.8004650128686662,0.45666924543701715,0
0.2675209189329789,0.3796983061178039,1
0.660350831072976,0.12196161830294217,1
0.24035702724346025,0.5838452360050482,2
0.367691064688512,0.6830773162100259,3
0.14338245913576914,0.30848402992043644,1
0.4371828816434524,0.0,0
0.26644441563453264,0.3889059492343033,1
0.22461692119429408,0.18995494820134032,2
0.10761705610369232,0.4437638342980613,0
0.4135375441988465,0.38115782049351143,1
0.641601063896132,0.5569034130280618,1
0.6083786243459397,0.26230422072595866,0
0.2916093141310177,0.21550200517590803,2
0.28197328841457003,0.19275647760747772,1
0.667172004198634,0.2874568689707083,1
0.3404296682094353,0.12122334692564662,4
0.5469111253463302,0.7623451744789841,1
0.3539957945032933,0.666857721703229,1
0.429620511168223,0.5157446357803089,2
0.2942410456409601,0.5576657478964999,2
0.45822996964540946,0.4755748128661732,3
0.5603930102529068,0.4203513377468749,1
0.9021018408125929,0.16822729069485354,0
0.38070934424863623,0.1736329643155447,0
0.0,0.16340544993650757,3
0.44954180907793284,0.0604868230095941,0
0.24814324924769787,0.028719536949656232,2
0.22024779129393438,0.3541442703033704,3
0.38944641353107873,0.4227911484771823,1
0.024257961685851773,0.0,1
0.35661616116945893,0.2448462976956152,1
0.5448382182190259,0.5922655970216606,0
0.11621848334920112,0.05394787557567937,3
0.4995748043275687,0.3464120450548246,0
0.7179451529245469,0.22972398404211544,1
0.32759612057082244,0.470172679800065,3
0.6909026819721876,0.3422839288048636,2
0.0,0.16992415638662647,1
0.4061052465311733,0.34961639380286075,1
0.6899278033698664,0.46150032257844453,1
0.7356151927323813,0.45507828721267646,4
0.30780784975847275,0.27626416726992276,2
0.7214602965525838,0.8500036143972785,3
0.88652243576376,0.8654895341148601,1
0.7874097069768193,0.24355157454548118,1
0.3820757534659117,0.0,0
0.1189060002256318,0.3546991788813445,4
0.6080458106559272,0.5055284581796516,3
0.5040205247487681,0.6644559295506753,3
0.5974297723081005,0.4277865280329473,2
0.2979524952253063,0.3443128562029555,3
0.4853823331410075,0.5731953077961358,3
0.7819829045461242,0.7131526751387427,2
0.4389037551381511,0.04049368348630966,1
0.4527434659765452,0.2529621401441835,1
0.6831969332546761,0.33376378537404,2
0.09410865166727811,0.2828565801511633,1
0.6278832828865671,0.4287401382172808,1
0.5739384054617612,0.49297262185065016,2
0.26303712107454497,0.3816765334836403,0
0.3945650809225912,0.6017854129017609,1
0.5100200052757649,0.4087004273676185,2
0.5351632927305587,0.207865350320531,2
0.5347657416134364,0.3835068937149283,0
0.21016126192580975,0.17483931628542346,0
0.6579475639834536,0.6277005019986764,3
0.46545427549109514,0.32075955047623417,0
0.45627668537782534,0.7973585003318138,1
0.6892283749719286,0.30124626898350265,0
0.37532595482031855,0.33768337149029715,1
0.18498054196936492,0.6551604136472674,0
0.2289374610356557,0.0,2
0.33513818159031655,0.34000912844322,2
0.3158305304326344,0.0,0
0.5764092457130229,0.3975676091994649,1
0.30623132491981075,0.1209325901709909,1
0.7429718765963736,0.6739338387056022,1
0.202309413394935,0.11368843998542649,0
0.4144594044438814,0.0,1
0.8672330915676036,0.6737312673526807,3
0.7252477615590959,0.49202286868942485,2
0.431267501737289,0.6108480565377135,0
0.8158910730568648,0.08448959179197962,1
0.3642876048064258,0.47614590797677037,0
0.49836503190604287,0.40385122796352935,0
0.4548972576117101,0.18846778150798843,0
0.22860736066868478,0.03150955618496615,1
0.6453267756987582,0.45645884249729435,0
0.12277718746983525,0.33983614304075765,1
0.8941210891843137,0.7139846433957259,2
0.2615008093379436,0.17226252411486737,1
0.409538676701688,0.057564212090450206,2
0.18986538662453595,0.2919571350944932,1
0.8721995445055222,0.3346940577295074,0
0.30530789404463116,0.41540404800930475,1
1.0,0.6682590030484865,1
0.4620556295998803,0.18343392049328347,0
0.2673720035819253,0.418303117471732,2
0.45356180663082357,0.2605429297191014,3
0.8150045391865146,0.48210374964486674,2
0.20811098771183043,0.0,2
0.6771123135472931,0.0,1
0.5177363297438229,0.040372663175455126,0
0.6202000519772468,0.23119055175000183,0
0.6718971589532238,0.6342054346360828,4
0.6008281255970259,0.0,0
0.4620638471978361,0.5254126200199074,2
0.5277278007822328,0.28985627998988267,0
0.4713907881226892,0.6713480763461944,1
0.4432366666358896,0.150747101745202,0
0.4189838122717109,0.3689166216027501,2
0.1483878927535949,0.26484912562871954,2
0.6302959648017933,0.43727781612313454,1
0.3198685467185668,0.1784387452007818,2
0.412271483263856,0.35342065188772115,1
0.5361769243090844,0.6563483769419554,2
0.20130406793916306,0.14999973251259646,0
0.3383512041557112,0.3487178273817787,2
0.40808388142581564,0.0,3
0.396399058990986,0.34726991976722393,1
0.3843834300901927,0.6430127979923472,4
0.4812539957191093,0.051584565748232614,1
0.5998608820074455,0.4370141346611677,1
0.31096134431238714,0.3416631017457238,3
0.4828218220730721,0.18856131917394034,0
0.6715840751137745,0.42912587142219366,3
0.6552774306914462,0.2954924149127258,0
0.42784103540455143,0.1829865522384068,2
0.2465872600776418,0.3131035336452319,1
0.37316974973609807,0.3792430949594203,1
0.5364184604486373,0.09144271092888057,0
0.4438496870830583,0.29863898422474405,5
0.5323641672038554,0.6401782017049171,1
0.9157008900346262,0.3811394054328296,0
0.9842055950737124,0.3652591400575931,3
0.7256503019810914,0.34548894618648235,2
0.587628153961695,0.25847559945390053,2
0.5418356910518844,0.1963742648077974,2
0.43217395545469117,0.3364314078823138,2
0.06185803491993,0.0,0
0.5956903965078728,0.12841947372374896,1
0.640512419701603,0.39605310683197553,3
0.557703623764586,0.029103805416773987,1
0.6936617191122708,0.0074752370944137225,2
0.0,0.23043940909579952,1
0.4676520650817127,0.0,0
0.31765861958225683,0.16464330199806793,2
0.5946652663957183,0.057059627738209606,1
0.6569304995051346,0.3953533534928852,3
0.5226787197750314,0.38200450910257555,0
0.45652599692806983,0.3180761222552239,2
0.551817815965921,0.7234098458383638,3
0.14835292615900691,0.3844293737670294,1
0.3562077021368528,0.0,1
0.4899690414142111,0.08653389025028829,2
0.13902837376180727,0.8103629281858784,0
0.2279104224492746,0.46850642500608314,1
0.5453132873955183,0.5153304161506048,3
0.5129016004685413,0.257210775532471,1
0.5749800788908911,0.4084994476751302,2
0.4031180296009344,0.10835555213164383,4
0.43864575236411846,0.3531930646391882,2
1.0,0.5080305163722942,1
0.37456442057623024,0.06968887562477505,2
0.3366300915728913,0.16230495876992973,3
0.6452649216041579,0.7030880615322186,2
0.49411410188522237,0.2406886139045763,1
0.5834154066119838,0.870522721620417,3
0.5541900034186964,0.0,0
0.3068039597493697,0.14487013172984417,1
0.5617687597543388,0.008253023386562308,1
0.22416000982520176,0.0,1
0.47799605279880575,0.11834947398675083,2
0.2800305873360551,0.33879760883694476,1
0.4994296801428695,0.48920108064373624,3
0.6460967013818948,0.2171324100525688,1
0.40953726645911104,0.0,4
0.5989950533510943,0.6849064640317636,3
0.2189608145547211,0.12829114682511808,1
0.5328581069027698,0.055376329500278404,1
0.3008125778197855,0.32937500859098134,2
0.23566177138577737,0.22009040426427168,0
0.6126400914170163,0.2817835256580895,3
0.8319687609893173,0.48892272740857506,3
0.5371880398930362,0.2000203854013234,0
0.7355048524558327,0.46106914724901193,2
0.4389764211967889,0.07501969804854847,1
0.14148335924007394,0.08743188789728282,1
0.45851219223028633,0.41196843268956884,1
0.4771212217688964,0.6149915657610373,3
0.2830770839649105,0.4697316812304715,0
0.5764522088432399,0.6191760998879178,2
0.3796022612149864,0.19310840862016887,1
0.20451807187119256,0.0,0
0.6353368314899503,0.6217904699383261,0
0.07639539594506195,0.4490093484933969,0
0.36105599710056424,0.23476428131722032,1
0.6808836533716563,0.6222835282645853,1
0.9794377236698584,0.4508722018290663,1
0.38827009147130276,0.6090667159240204,3
0.5164429120876098,0.18493501209665408,1
0.5522367772701342,0.6695952830281223,0
0.5514045220320228,0.45766540902618785,0
0.5948426955588331,0.808575726191617,0
0.0969749062698847,0.08968288576432124,0
0.05632743095273035,0.3522276169512421,1
0.2160532543451487,0.0,3
0.568298299890653,0.442907486648268,4
0.15675253768722705,0.40757251134848693,0
1.0,1.0,0
0.4705313480917854,0.5255459187636261,0
0.2324301886516258,0.2963823520367387,1
0.4723822238695585,0.16218336192165775,0
0.3443178321967406,0.418545377932801,1
0.8405582795493957,0.49451166247388423,2
0.25028961445472236,0.24195947224286515,0
0.3012896160574401,0.17176525436085852,3
0.5136016787509291,0.26435189776492934,1
0.4635097062306531,0.33111250785478274,2
0.5643739900657923,0.15637601328846276,2
0.4510102479114457,0.17021880358257246,2
0.5059962842430772,0.6420172752138686,4
0.450376530095833,0.3593620090161303,2
0.5257956992643582,0.4454396163584705,0
0.3618136199987159,0.0,1
0.9947507679135942,0.5159437298618069,1
0.455288474144618,0.3858471759616255,1
0.08817339710384298,0.19582342329594093,2
0.5877258420823691,0.885407916740078,1
0.42735875905495824,0.04420474768871757,1
0.3788361469889059,0.45668754703615655,2
0.37312117149958307,0.6124133551619555,2
0.30053073424595156,0.41020509983423337,1
0.1598402921995479,0.3068065062789907,2
0.4961691558821348,0.4171174549559167,3
0.46802526198100797,0.501196146221852,1
0.345869654905252,0.06512019937991081,2
0.28866882452730486,0.2728851974048266,0
0.1052180669431827,0.18339054222703097,2
0.5222805405180119,0.09292295454575936,0
0.7922194501981596,0.4961540312330771,1
0.3953855275309591,0.12093046358117729,0
0.42515579928678715,0.04275940747320195,0
0.18237222636559294,0.169785479806657,2
0.2311696328935705,0.09738599533666958,2
0.4250698615759948,0.45567554100115226,3
0.6309947371869182,0.3596575513285239,1
0.459532293231,0.5707582060538805,1
0.770249296958908,0.3218750962054981,2
0.3877336838430074,0.37194133744654456,0
0.519074146337936,0.8780903743026165,2
0.22088374095022195,0.2949648395930153,3
0.5413872875172999,0.5330389049693495,4
0.25349097392243103,0.4052268839984075,1
0.40083173307833897,0.0,1
0.7756054041303224,0.6253465716226901,1
0.6121419105757623,0.31351830175732764,1
0.052361391716830546,0.12222535483072089,0
0.4864327470675778,0.1131373468522412,0
0.3596887606394651,0.23504893839255553,2
0.4850172655458367,0.06535232254688778,1
0.5088591070006463,0.6954712243402025,2
0.5638374424652054,0.35581206172714913,1
0.9272614486437791,0.2680964830669258,0
0.15955407133590072,0.12307380192126136,1
0.15638752922815455,0.1993667027286206,0
0.5265082076814253,0.8516961609106187,1
0.0,0.0,3
0.6031507733180906,0.26974427923369476,1
0.41502597674588326,0.05477741422209244,0
0.2681563510977143,0.3330629511686081,0
0.2091177902952144,0.08093668311499466,1
0.6716920323229694,0.24996957428895691,3
0.6021552060674946,0.3769875599918464,3
0.24769430851935054,0.10015398578169679,2
0.4830871223349373,0.1610977388874315,2
0.34141487658646064,0.14935410889698914,1
0.7610855355738487,0.6706637376127264,2
0.4746926984351125,0.22151232945292104,1
0.23837888368487786,0.0037708479003546735,2
0.5586472529923026,0.15844305421521038,4
0.45733400745403346,0.47361792065376307,1
0.49083288411081977,0.08600650170355806,3
0.29663637810682675,0.4313147295631343,1
0.4658107204252994,0.5755060758147392,0
0.4536621784067282,0.5710947306979146,3
0.3553331615044193,0.27010818046573,1
0.45699235389229365,0.0,1
0.2962649280533858,0.5220623535224465,1
0.3536859952592099,0.09129942691143547,3
0.36480275639310356,0.1568570551171434,0
0.6575885702291551,0.24990116848616598,1
0.28564603755930384,0.5557243627373175,0
0.48224512738308206,0.4427113350815096,2
0.4444422389885796,0.5336098980997298,2
0.17932527791724914,0.17725908380011832,1
0.533414404388181,0.2970730823220221,1
0.588495854666743,0.4129810265020458,0
0.4811184969242166,0.21411527420834878,1
0.556238699073828,0.40319283419876795,1
0.8414309126260759,0.44577431129411305,3
0.5104492627284617,0.4492787567501266,2
0.5632827648974597,0.0,2
0.5474609307863296,0.36126851997241993,1
0.47879983518360103,0.3413414682746621,2
0.6970160939979269,0.4242899425159709,0
0.06654100283515904,0.0319160253937307,2
0.7446252867437149,0.007605391688709384,0
0.7587950171997437,0.5338991580833998,4
0.2380379896075958,0.27218675104750195,0
0.2550132513961971,0.36789590946192996,1
0.5515057840578685,0.16618266367159018,0
0.8366853244204033,0.7453457292948149,1
0.48635803743637773,0.6742485455789732,1
0.759004458668296,0.5158008284815236,1
0.03016947686105176,0.1829316377550487,2
0.30805776361930526,0.3955024759676129,0
0.4075223976026916,0.24701032294852865,2
0.5096617182479566,0.46238919202050355,1
0.15757545580454707,0.47710274238459605,2
0.37745864386349015,0.5341757279661274,0
0.18184957848515876,0.0,1
0.8224704031603328,0.2995488323053589,0
0.12272286930920775,0.022813138803582156,1
0.21558725509645987,0.0,2
0.1278903011193549,0.2891787493617237,2
0.478263650046059,0.4369636514207368,1
0.7065262265754546,0.5071797181313937,1
0.4168226193616801,0.30973189565830433,2
0.7064838707963491,0.6994813960377313,2
0.41162109890919174,0.20840366831014953,1
0.5551365839691673,0.4798268363106705,1
0.45853586179817585,0.5236645345073678,2
0.6667944126389672,0.413410019870608,0
0.036628174957585385,0.5641371688490368,1
0.8322567470226205,0.2770752109671836,2
0.3326064270073523,0.6818533719705664,4
0.5791959128539029,0.14159790141991946,2
0.4853892819590431,0.36250187383836824,0
0.26179680323386184,0.06940881684960978,2
0.7972764022967402,0.718293227372675,2
0.4960351801326516,0.22576708623044955,0
0.2839529728153438,0.4057934936084354,3
0.3306194461973451,0.13621384676108686,2
0.4551763234068754,0.570386305865312,1
0.36476982787058126,0.1726718567229223,1
0.2830025599710446,0.6717050946011119,0
0.600954823238661,0.10319341461645143,3
0.5084964551266583,0.0,0
0.7009783760411998,0.5783049663648242,1
0.5175938463338244,0.11058139584552279,1
0.1555428977618501,0.14361922362924434,1
0.19021470669975726,0.13550903159621974,2
0.13160273572455294,0.0,1
0.6657496796930229,0.38299922604694003,1
0.5647500082787587,0.6244665642094558,1
0.41440789489551355,0.49882120680580727,1
0.8146911910717665,0.48065178913491047,1
0.5903990567091623,0.5932141561528239,3
0.16441155628242662,0.0,0
0.3120008183816505,0.22480513414540199,1
0.5335315564900872,0.3810237812674174,0
0.6786744686613908,0.3396072131708185,2
0.36829652198724355,0.1505164749088822,0
0.7952817912518535,0.11739518888550987,2
0.5627012935632207,0.0,0
0.2907338780677373,0.3207782369780132,2
0.3415909654990745,0.375808959745355,3
0.5733920624571438,0.7193228080938548,2
0.6289423331312447,0.39348752798674147,3
0.5893340255370105,0.19089082903669213,0
0.7384029665661072,0.32639372659584837,2
0.3963447603665085,0.40444932336598527,0
0.8853944869942707,0.4507698045041787,0
0.1719146960620228,0.30645461015883235,1
0.5623367039422992,0.1269833334920993,5
0.4140843610339098,0.17111715899466026,1
0.09439635883129582,0.2599120213308163,0
0.24445231379019197,0.45980568268705196,0
0.6021622767634298,0.36332053298840616,1
0.7799604159620324,0.8663686195904223,2
0.27321979254075257,0.04735097484487821,2
0.4440346434370322,0.5919708807395508,2
0.376172334438369,0.3376072201996581,0
0.46359026072001774,0.4560483197752431,3
0.4101329514253752,0.21723298843996067,1
0.567892988121889,0.7193904411795501,3
0.5652919969966562,0.3451265777325572,1
0.6681180538613111,0.17984698218967968,0
0.08246769023709155,0.3018938722011342,1
0.00854257437746897,0.08134743275805818,2
0.22811100151958671,0.7483101075904237,1
0.6237583110904515,0.5865413589093851,2
0.4354801265598159,0.26339878831076086,2
0.4621878291882471,0.25160179886488104,0
0.413953820054552,0.5202379304412172,1
0.41495481732366435,0.5246423151097538,1
0.5413673858968814,0.0,1
0.7083909823579229,0.5438119351460987,1
0.4428306880872388,0.4122261131694482,1
0.6106492692709704,0.07597190263737924,1
0.47845235086217597,0.4891348835239057,2
0.34494542839507125,0.6954290728259941,3
0.4110639315339702,0.4680585334158643,4
0.39921658988704534,0.6418691967945378,4
0.1845003285460385,0.5579775877948024,1
0.24307219273857475,0.03874882597860502,0
0.0,0.0,2
0.32031790108507663,0.37631803473159375,0
0.9018215261878976,0.48469523740050746,1
0.6079473446846129,0.0911705707343638,3
0.32981209935950656,0.2673360992773542,1
0.31166894945907175,0.35874942804587534,2
0.5036506057107997,0.38115837083399773,1
0.226363215047429,0.0,1
0.8227790086682013,0.3695325725153155,2
0.5044724321209106,0.24754303514875642,0
0.5238280910288984,0.0,1
0.33441251568649955,0.25728668614670147,5
0.3532720483443179,0.0,1
0.2567848048135891,0.48867663366790215,2
0.36896260720258883,0.0,1
0.49296863935403357,0.486326789376496,1
0.49200940182422764,0.18482933995915712,4
0.6572140852649238,0.28111684685839133,1
0.45192412975327384,0.3442805879206682,2
0.40872446039632,0.13345135603655328,1
0.4925567504312444,0.34405139929610257,2
0.41132671366416285,0.24155735388880137,1
0.22527784804404616,0.13503870381166963,2
0.42148196222804,0.3696260663971239,1
0.7843843005164308,0.30316711113020645,2
0.2529536586002531,0.11588969441699365,1
0.39160870771943557,0.2759808268859738,1
0.4375284630663152,0.21975347396700742,0
0.2759645152157631,0.23502865954687358,2
0.6972776676867317,0.3043032549801772,1
0.3704379963640527,0.34248989437932764,1
0.20365622651967474,0.3020920355128074,0
0.6089201837216158,0.4872134111442197,1
0.4057353191767385,0.0,0
0.26655826693981516,0.0,1
0.13217200434008997,0.6258253462699911,1
0.7331796252349588,0.5706276821810736,0
0.3349961055502259,0.4347957772848555,1
0.3068671064386346,0.016666124765119264,0
0.476768088423215,0.09089909931330853,1
0.5863604331815914,0.17955461309862647,1
0.33806307506141864,0.8112444169508897,1
0.557637595351241,0.5140548103344446,4
0.37787967153351293,0.1742736896107014,2
0.7867007982910958,0.03300393278810232,3
0.29361654137968607,0.6176477929920495,2
0.2883800342359898,0.3085986334259624,3
0.11449623875649115,0.28161679042193194,0
0.38892618545170854,0.3639569076864664,0
0.2725345395461196,0.0257643439221205,0
0.5553294905751979,0.5442439484614936,3
0.7148160086511263,0.30778500798166164,0
0.054501107163140494,0.07874858387373249,1
0.4048966879857155,0.5054185504140101,3
0.40180622569733493,0.15925451277998842,1
0.4704043124907484,0.5204362293552811,2
0.08008276687821786,0.22605768192321693,0
0.26273678152960117,0.5074791951219435,1
0.5847262667155434,0.0,0
0.45211120321387316,0.27503590357370167,4
0.6054637219499927,0.3336200296901881,0
0.32619999293655405,0.0,0
0.7119004143587595,0.4253645249945566,4
0.22973899260006134,0.41435517660771415,1
0.29311443146861965,0.5308571614440273,2
0.6945902811620474,0.40020014067154824,1
0.8975494309713353,0.551849345134576,1
0.6596480692253907,0.5687504651528755,1
0.0,0.20608230507086236,1
0.22266278197666847,0.14201650264225218,2
0.1331682846818529,0.5855700783138389,2
0.6782978702020181,0.5693514387830019,0
0.4966138896592329,0.5718251615121664,0
0.1837891918818769,0.4331341412390678,0
0.7089059600770948,0.6782379189414771,3
0.49406183521296276,0.13145078471786034,4
0.5845720412125266,0.40654866738313356,4
0.5002946845387471,0.04867447525526136,2
0.4061544778508245,0.2256436240152664,0
0.6916166498340516,0.28879721365525524,3
0.0,0.07962278832652067,0
0.5844595035849942,0.6155246417566156,1
0.28455759601346675,0.18936202985338102,2
0.3569141364684057,0.22548163072888353,0
0.6817501176666825,0.449145511121018,0
0.1838078050721345,0.0,1
0.746988287978457,0.4454807829666177,2
0.5112174584587462,0.0,0
0.7483435105297249,0.375805580934926,0
0.061914664561248986,0.28229588780904025,2
0.3243620818292014,0.3825727276625388,0
0.02607802128154671,0.050459608951161194,2
0.20711036559009322,0.2427985307975031,1
0.7393210860860828,0.09650966883483136,3
0.27396460170398584,0.2744669158428867,1
0.10265582246594324,0.7832279081312634,0
0.4307570460013878,0.6370977707816565,2
0.18496101179717508,0.15158543398712004,1
0.4882645314950308,0.3943512948987651,5
0.5691898027786578,0.0545699725448808,2
0.8319620233416104,0.3643572938152888,2
0.24047045733395722,0.29641544238357376,0
0.49237422799697783,0.28425341781772434,0
0.21657045737735553,0.3852008230945622,3
0.6165087289843417,0.6536455862186636,3
0.48791785168506746,0.4404221542283344,3
0.18903000970550538,0.34094956571952484,4
0.32970319571991635,0.0,1
0.0,0.2539156386471784,0
0.6424436241559087,0.0,0
0.0982039797005092,0.08653609101763171,1
0.3617446811688859,0.46213225565780885,3
0.280452771059957,0.3751572854601569,1
0.4478688228535579,0.25051577739878617,0
0.5635172177036117,0.3431321375624811,2
0.424370419988503,0.11290365429372562,2
0.6882669029182286,0.08196340730396856,1
0.6107647039581996,0.21998774275907504,1
0.6014366519519123,0.0,1
0.3698667763954844,0.5054142661283098,2
0.220545862630322,0.1999637483817876,0
0.5601827275024711,0.48793293075971295,1
0.36194512424807634,0.025616191232567725,1
0.8368093433346099,0.20224807071448053,2
0.3082297496320795,0.24964654033333336,1
0.40228546257505227,0.3369981902807608,0
0.389876993742465,0.1873919463881767,1
0.10857498302170687,0.20481712067203886,1
0.7217779350513469,0.8722691752326488,3
0.6379155439174399,0.5458366404757762,4
0.47262628351431557,0.8216117314655462,0
0.4696398055766583,0.47154967279754684,1
0.3837851513067477,0.7208390244392372,1
0.26139091473843584,0.0,1
0.36223687952511757,0.34141850520827655,1
0.6741119632419397,0.24341286251569066,2
0.354292400310462,0.0,4
0.599089824669979,0.6202673837966284,1
0.6955211689532038,0.3545637964120184,1
0.43825947436513457,0.08279826260449732,0
0.05277360643743911,0.06842765972518149,1
0.3504911586383409,0.23672997688703135,3
0.4110738023478112,0.1378290009711198,0
0.5015338700257732,0.36373620274128576,4
0.3893111689422032,0.5221584422419552,0
0.8446748032484178,0.37969398456461667,2
0.5192858008321202,0.7147383478422125,3
0.3700037342989828,0.5503298302190255,1
0.4259299762371096,0.3237780633744302,0
0.3429204447713503,0.496553009634511,3
0.24427817098056642,0.2533645643616288,1
0.23080348922708896,0.5216111157442387,2
0.4390022719685452,0.4352402503350969,1
0.686050639968558,0.024432055895479032,2
0.5288266678690373,0.4299583452597896,3
0.08366903190736984,0.26190091363858997,1
0.15068225535998364,0.2078669026864957,2
0.49944466079686645,0.31688935570395954,1
0.2943651444536692,0.16542648580519287,0
0.5968809882275459,0.1299522105349698,3
0.34359946754482473,0.0,0
0.6863713428051182,0.08503773449186908,2
0.4034357162517708,0.4327237710333439,3
0.3291828670169211,0.0,0
0.3959352824640606,0.09285526184932291,2
0.6780500498574109,0.10027565871347749,1
0.9439359704884542,0.5110363444567768,3
0.5828608793435519,0.046019946719849714,2
0.3801751473910744,0.34656443310727053,1
0.24645219872992352,0.0,2
0.36905962347573446,0.5845723934444359,0
0.5301099793997112,0.30476268070399515,2
0.5550450139425087,0.450484546267126,1
0.7255175330429199,0.4400133641425171,0
0.46141247659901574,0.4843124042676689,1
0.30098631762305883,0.07810618889046499,0
0.5826618504112123,0.2434763152613451,1
0.40091712760353987,0.34709901387768133,2
0.4325623546090874,0.39598962012151984,1
0.2145805653986695,0.05569399986667267,1
0.37722755319940965,0.3209739878427829,1
0.49679734546146487,0.47185249366646276,0
0.39696751248634127,0.4928875264982099,0
0.1073775539296841,0.42264550541668294,1
0.968709592684093,0.638642967900396,2
0.7171943678305613,0.280747540970818,1
0.2993695517266299,0.1652506684192357,1
0.25686881172523224,0.3207918557245273,2
0.4120817079442449,0.5672158893666982,2
0.2504379668858639,0.808564847867512,0
0.757723844679711,0.7607577693378432,1
0.42492153154075735,0.09134538752850815,0
0.3472553465328429,0.15795756188318183,3
0.5235268877668089,0.9017794856754584,3
0.18482082244164608,0.11051914542533164,0
0.5859090525947942,0.40203165260835966,0
0.43379959285536546,0.14478746723521874,1
0.4319276235658558,0.49370998016011125,0
0.15983737842705115,0.15860359634887833,0
0.11663400411605146,0.09376234827433672,3
0.6796073994365693,0.2219687064656896,4
0.48883812153763384,0.34004535608443187,0
0.4026843088424437,0.3363674228188412,1
0.2328995729149537,0.48644749115152436,1
0.413738126529236,0.3981633734577359,0
0.5217822110421021,0.31316088638138256,2
0.03474981340797603,0.03333740512929537,1
0.45954544649016404,0.44207140059064126,3
0.44274172608540263,0.20897616130604046,1
0.43669508214663094,0.3041205561070256,1
0.14230445569251435,0.14671416806748772,0
0.2815972114927306,0.026289996517288916,2
0.13864016144417804,0.3389756046816342,1
0.6413342187896041,0.4205045746097308,0
0.38959528992388437,0.04834070467514387,1
0.22860037906256409,0.12644563812430656,1
0.05914306480170156,0.26540888622346626,0
0.4429710428459916,0.3763200591158298,3
0.22304206168216692,0.3529197048266296,0
0.400971703132742,0.4323001060795435,1
0.41688841867204346,0.5193320065170923,2
0.2854995953994287,0.43111828495124394,1
0.4075801139475639,0.0,1
0.3702515121503266,0.3221334596334171,1
0.6407157513022753,0.08392320853434418,2
0.35580439037553546,0.593555395777896,1
0.4898354097344708,0.8712362806661743,0
0.3220366128607587,0.47539640592453114,1
0.39255599014950954,0.40993095599479157,0
0.4138021706423437,0.3809366465363021,1
0.4797913069283413,0.4192137584519019,3
1.0,0.2523046971339697,1
0.7096933786296648,0.5554195187334361,2
0.535282319578688,0.1921709111777804,1
0.5717128371991248,0.3073866223728908,0
0.6152846226726941,0.3903733518692071,0
0.0,0.5189048948982217,1
0.6977928836095731,0.618714710039395,4
0.498581504183507,0.5280247495000454,4
0.5350656459092795,0.17344322419160907,0
0.65085619190092,0.8772047246074176,3
0.7128010708625485,0.18117132206518324,1
0.6500609547684864,0.36730298189058985,0
0.24218985528562764,0.2616271393962441,1
0.6960354009415625,0.40429254999246006,1
0.48758210336440566,0.2694760672606743,0
0.32856550414883534,0.0,0
0.6930145030724391,0.1291235646049691,3
0.6934755871266027,0.42388232044110585,2
0.3601395856813031,0.5786493874790182,0
0.4183789475321062,0.40101483930179155,1
0.2067686817351399,0.03708502496735122,1
0.5076892725697109,0.0,1
0.36319839105588697,0.3728003166024708,0
0.5137631308531586,0.21561037649671388,2
0.5050253444143621,0.39866522862856135,3
0.39143326648770516,0.5673368209791918,0
0.5567406306671435,0.4528212934110475,4
0.49633070052990774,0.33120209850990645,0
0.6645405105386453,0.3666823858344059,1
0.27081492495769227,0.32618130535680256,4
0.6152781008401664,0.1401287673149161,0
0.3305077305503504,0.030737640744945033,1
0.41482418942322,0.0,2
0.8250000896258629,0.36530667755821755,2
0.3506448045019669,0.4904470666011823,1
0.21138412433367887,0.2519462351475258,1
0.5753500525209448,0.4228462859506096,1
0.3322992287245829,0.13657366542378735,1
0.2188536822202925,0.3556567807796115,2
0.5122777912316738,0.40986143194445523,2
0.5993165464338905,0.7391879697012107,0
0.3879481918912991,0.3206190048557581,3
0.6400986748235605,0.25302601218736853,1
0.6455956145723206,0.29524535300397936,1
0.7049330649410019,0.23233086372190886,0
0.5653907247319384,0.18528997146028933,1
0.09104942711604497,0.23490206284578627,0
0.3485731739205938,0.0,2
0.7421449771804106,0.0,3
0.7774282999982736,0.7743681349448958,3
0.1720194155128816,0.0,1
0.5914165489268983,0.5293228710689838,0
0.5012193244732862,0.21146565658651884,0
0.5825169685018695,0.7224652392450136,0
0.6427831147846093,0.559623712783992,0
0.25857838692969426,0.022712061828727592,0
0.37650514070530927,0.16078785141672808,0
0.3676222404482178,0.7101482370124632,2
0.3652377801537789,0.0,4
0.6364744507387111,0.5084746064768755,2
0.7528932242024012,0.3906777481262661,0
0.4162279012561807,0.19022832068011014,1
0.5986670505792608,0.32047702186529503,3
0.9117448924349665,0.5503971001022033,1
0.36291083867190543,0.3934497746266127,0
0.13875794978761813,0.31341426096907565,2
0.4400654157579823,0.24609667247018166,1
0.7770432255658783,0.41986784804320565,2
0.2830174230348512,0.2096790357258667,3
0.8485854052296118,0.43633983362615975,3
0.7528088789152012,0.3439666003876225,0
0.6143393254828212,0.25709022958861116,2
0.7466601630200898,0.28587987187454306,2
0.5947112711531504,0.25122131447082224,0
0.419500941921799,0.23230597065532504,1
0.3877675201889384,0.40502523769466475,1
0.45464112376916976,0.15383456962456243,1
0.2835947607586621,0.27989274838369277,1
0.41977336198708626,0.3232325484016178,1
0.2285410407323462,0.1329963722518563,0
0.2943106812148612,0.25573481054429825,4
0.35303431384174927,0.4861648599849252,3
0.411672233858401,0.3921788708878355,6
0.45872042543620384,0.3520627008327157,2
0.5356749671992176,0.2679248001744794,3
0.4458689715402664,0.6531454046822045,1
0.17731749543719563,0.16479463713738204,2
0.4772880820495501,0.012447218706455931,1
0.5419139408566652,0.5375636604246439,1
0.6143960928195317,0.4397299272268594,2
0.5046203615221028,0.3107271223560262,3
0.2461731883319148,0.2296613068766699,3
0.45334501098026486,0.6542543365590563,1
0.5143460872705871,0.362961688640805,3
0.5995467886245679,0.477811580474819,1
0.6211711552411014,0.35827659214379526,0
0.8936982227100905,0.6584380699789398,3
0.33503423739770144,0.4639873643219255,2
0.6011246170819516,0.35422677217385756,3
0.5124592616267792,0.0,0
0.4738608129220845,0.6709226116848873,3
0.18204102179546222,0.32059503934299305,0
0.28615136924272544,0.055277457058441795,4
0.40889037035136855,0.6387196688756168,1
0.686365882340612,0.42102595621125466,4
0.3524390963303644,0.1277570132432599,0
0.5321567943985771,0.35596207518890727,5
0.5061089621296321,0.2785047845788823,0
0.5720847066921124,0.6247045752398727,1
0.43969225735684536,0.0624104735664886,3
0.3658986092753831,0.7250662641158829,1
0.5250304035783989,0.6147487331807879,3
0.5328982217486573,0.0,3
0.9642248426182196,0.4806813072226733,1
0.25878971663668043,0.1614496022866851,0
0.07908036541286659,0.2793149707500096,1
0.42252693964653476,0.15289673648753677,3
0.3492015736769244,0.27016497955830177,1
0.6203308912819936,0.35692616219802925,1
0.15167944061497343,0.0644933243487148,1
0.26019774761560743,0.0875500204941046,1
0.34991069451811235,0.37507742102797526,3
0.7594604555508733,0.09372038351293893,2
0.11452203710963646,0.24100858793887764,4
0.3602993895869716,0.5516994247513596,1
0.7053637015170334,0.10521051225901235,0
0.5813126388060964,0.3351464702149517,3
0.4264379552430889,0.5592409635951768,1
0.3084476240241123,0.0,0
0.5205770017953334,0.2571413615989229,4
1.0,0.539381302056297,3
0.4113599608631138,0.5042808066823325,1
0.3201550301064662,0.47298372114387266,1
0.6978778942380308,0.22126257523813048,0
0.00946248486026005,0.35984692887813385,3
0.6751125499149261,0.43286048177362535,0
0.26196938579695905,0.5929585937759498,1
0.33656932858101885,0.4554226119446015,1
0.6282276010848005,0.4532575843930635,1
0.41476461652165597,0.6203331092980942,0
0.4978890951519214,0.4937329679155265,3
0.4449046041099092,0.688197701607696,4
0.41264351290429424,0.37608522346980316,0
0.7456028243268978,0.467084846543335,3
0.5054131522534089,0.15105969625464838,4
0.21337410492358075,0.027971296103216317,0
0.8268746018530027,0.24879392534726208,2
0.059702737775649606,0.18334718874469969,0
0.31814861274443845,0.3480061540550907,1
0.14360191291760085,0.2528035465425198,2
0.6961390188211765,0.47740597404165663,1
0.1155058035494637,0.19084289305980529,1
0.39338650682343684,0.21416399043103587,2
0.14315032278502046,0.1985495024034819,0
0.48920155292664813,0.5030072786045203,0
0.7848985653444952,0.33849385067382964,1
0.7116780074117316,0.42957263365314863,4
0.2975475718881616,0.21713953554489485,1
0.831016365400391,0.3371738481598814,0
0.633240750677017,0.7696702458149904,2
0.3368417805388889,0.511009853002201,1
0.40243784005154953,0.0,2
0.6223944758365075,0.0,3
0.6067422903183608,0.2328371975456691,1
0.2221333622418774,0.4177984022986817,0
0.15809039757445964,0.0,0
0.6683017311872784,0.717098217224927,2
0.20228990614334255,0.30400308978663126,0
0.6196116852436407,0.1709939069443799,2
0.4285858568781288,0.5752976258554798,2
0.42530396988790986,0.16822405565486662,5
0.23452729788718352,0.289601407830233,1
0.4231463414942187,0.47213829809257046,2
0.49223933593370334,0.29398162148987445,2
0.540552984774981,0.8467394118657819,0
0.6555953875373214,0.5360676595200848,6
0.39476951795405857,0.43035074288264197,1
0.5251890055154933,0.2359227108459773,4
0.8875459143097851,0.6532481794580474,1
0.06949254517287963,0.0457314269373377,1
0.3424003878976103,0.2880988715319698,3
0.6125265797135103,0.22624730261896067,1
0.620249150154015,0.5770310075332855,2
0.3130150360619712,0.27572135509009027,0
0.5934894989042901,0.79197311124158,2
0.2023356984432948,0.6456523454977455,2
0.139037830054369,0.2378901852926259,3
0.5495416991646171,0.26208053133562376,0
0.7306817472569008,0.2544255803274721,0
0.4810283804207419,0.44403798480473045,2
0.47341308070391114,0.29752368523754774,3
0.3640301371750774,0.3785779855309553,0
0.5504086540772952,0.6977666957695046,2
0.19680570135657882,0.08682256944218897,0
0.5046860110458282,0.035194570122531965,0
0.0,0.19694056689059405,1
0.4372403116182123,0.47945902927833295,2
0.7195899134029796,0.4948923098242045,2
0.33914066014691857,0.20146689279476931,3
0.4536561999327483,0.426893028743651,0
0.3197936568050645,0.05509347287569033,1
0.44544670754365673,0.18298870325561936,0
0.5263260794636282,0.24601299131956086,0
0.23898695445224705,0.035808641703588134,0
0.0,0.2994367917018584,3
0.2787908277623504,0.354953957705682,1
0.7188117130580698,0.7538701825027811,2
0.47321145826983035,0.23467196230773363,6
0.6421396515858334,0.24150309078688487,1
0.5193432857461393,0.4289388244632539,0
0.561085717083884,0.4105115799993728,5
0.6121759999967815,0.46448428000695996,1
0.5496458988960646,0.49034740596969295,3
0.07780822188230985,0.0,0
0.26390648770624353,0.4867808101448739,0
0.0,0.36397295058978585,0
0.6903134170679476,0.5047489173034978,0
0.582178984270876,0.0,2
0.1685702771973768,0.09202948285935295,2
0.6841353751534763,0.3850816461761796,2
0.3998384245620311,0.10162383154952265,0
0.2988692718869999,0.6584300671746095,3
0.003100257481114088,0.184102325955525,2
0.18489760962964158,0.1442036866114907,1
0.3465025246072639,0.3866667693814614,0
0.5219141674122207,0.5199834310702522,2
0.4892699460291945,0.0,1
0.5870381128953014,0.13155560745160913,0
0.3607355641948095,0.0017819149457425354,1
0.21625670235264616,0.21354439541207315,1
0.7136376546945778,0.36544647042617673,1
0.4457917220308115,0.2569467110379831,1
0.3720852970129237,0.0,4
0.2979400111858118,0.13646796496499486,3
0.5004627166977403,0.5158582709372307,2
0.059217390905969086,0.44181896069324356,4
0.624841828938766,0.4484903680316428,1
0.5548103212206477,0.0,1
0.27705195694505974,0.5217086572816383,3
0.7290727971182827,0.6348160570562433,2
0.33309818866706553,0.1422917083035798,0
0.21950948305236667,0.0,1
0.743900447451297,0.6608798495511614,0
0.8895492968899223,0.4871094010655924,7
0.1455658354551457,0.32526065768163226,1
0.5205763078821014,0.32987024946705484,3
0.2043990482696942,0.5662732843849003,1
0.9875574514305444,0.5676005193773643,3
0.0754124246213513,0.12024314210681465,0
0.368988080502707,0.5909497049820411,4
0.39627732626261386,0.001660393721901604,0
0.1610513734328588,0.22348045879902786,1
0.49089529315010927,0.41724832218471086,0
0.2462327599643322,0.07842077950795046,2
0.25856107040122883,0.24415173943052584,1
0.42870864824983973,0.3969994477440354,0
0.8009511896514359,0.7937863201833667,1
0.22513360733417123,0.5410580641926577,0
0.5028001723994144,0.4155643018239913,2
0.5834571611382782,0.18140390885633936,0
0.3895467478826585,0.22803025051033204,0
0.6775317152303851,0.01145838181322606,0
0.339133717093777,0.19007297814321958,0
1.0,0.5141641416752534,2
0.3452185874156699,0.5100413298232777,2
0.16216404346255198,0.0,3
0.17816010549749706,0.0955994235461011,0
0.5178479914310767,0.09253130606075666,1
0.964033162200564,0.7278579971041789,2
0.2375148806459258,0.025620383636971195,0
0.6787009839897041,0.5687815938473453,2
0.3766343412805927,0.3607613515847711,2
0.37181830552238215,0.6591035031803745,3
0.3905698416200763,0.31713203376961674,0
0.1284460654093288,0.0907438603395789,1
0.6999676941469206,0.3779427728044738,0
0.07598966762786175,0.0,1
0.8845116219946803,0.4963798149417479,1
0.15921624750598518,0.27040179045535884,0
0.4308105142907128,0.0,2
0.1678185372625308,0.023463090768757744,1
0.3851072029403627,0.34004618164269296,2
0.29433733862484796,0.2432701563739163,0
0.5721623919071513,0.16804131442099673,0
0.33487340777224794,0.10336034568712028,1
0.49457516854895295,0.0,2
0.4353283397139932,0.6988872664459029,1
0.41568598755164865,0.010281186241299256,2
0.41801984121266916,0.3891212103331494,0
0.5773256608595072,0.37281019153049755,1
0.3650114827594419,0.505830514038047,1
0.41267558179962205,0.26410942996569087,1
0.29006073317055636,0.35366202925890916,1
0.1466019158627329,0.0,1
0.5263820539454349,0.0,1
0.45667099818952833,0.3520323769835687,0
0.28406859800213463,0.0,0
0.5982910716885833,0.3409472972366497,0
0.0,0.3683896063907245,1
0.15833156770423032,0.36797367024935,1
0.44982669083198945,0.16406796714539706,2
0.4970530236992298,0.01600709901468783,0
0.17258533272576443,0.24609726762010306,0
0.1870292715700712,0.3606355403657201,0
0.4687557742424516,0.1944579969296406,1
0.5716141158567158,0.2267864105353848,2
0.6311882281411852,0.4039532270723916,4
0.4121315458044627,0.29970267068178,0
0.2088069130844903,0.4370993793535661,0
0.11579169130218003,0.0,0
0.5307632888487761,0.15283283667517916,2
0.2743385485579758,0.6966251984700806,0
0.839028632101249,0.44748519211413773,1
0.26034802038299837,0.237260313241814,1
0.1912664335637792,0.015045898362510773,2
0.0,0.21705115147865695,0
0.2377716993226225,0.27597669253403473,1
0.4589018655006791,0.44964551633751676,3
0.33154958836819337,0.5907592524494626,0
0.529632303539432,0.1499744714167882,2
0.8406235224449002,0.48243982134417795,4
0.2825308402419302,0.41501953343492753,1
0.07714075854972674,0.3327894349030377,2
0.3966711866857545,0.3300118803550708,1
0.13332330781749666,0.0,2
0.40861319678869545,0.28043486248973437,4
0.3109154423144229,0.13836847083808576,2
0.3246003153064233,0.09365941715206155,1
0.19899730949702943,0.2200025616710164,0
0.5976767245159604,0.04322388589022533,0
0.9692380275566173,0.15291601307388755,1
0.6005223360119812,0.0,2
0.7131866944798068,0.8116090307542678,1
0.28930888589631454,0.30343366292626783,0
0.7286160538781962,0.5139455341147884,2
0.14170392895357456,0.05311550200211623,0
0.2643308092613673,0.0,0
0.4922967441126395,0.3181396585147308,2
0.3464715613980875,0.3431531577288162,4
0.341945989728835,0.4823628737403399,1
0.0,0.36257376449732753,1
0.6128775424789799,0.4139825577229557,2
0.4555284348022064,0.5836621682065566,0
0.4071773839506492,0.07791605920062598,1
0.49943022102387924,0.5274610862490318,0
0.35732727015270904,0.32847332797543494,1
0.0,0.030354337457462854,1
0.17578733053112766,0.0,0
0.25690443097114624,0.0325700966180453,2
0.48215827225147906,0.37029268023151485,1
0.3538579206660518,0.10008287813722574,2
0.8721404350223982,0.2848552432083465,2
0.018402655825053738,0.29473637385858625,1
0.347631178410051,0.2075831426215352,2
0.7790569350145353,0.6621543899690886,1
0.19795052795998247,0.45299985352682304,0
0.39523898256873824,0.0,0
0.5235187559197778,0.37187047080209495,0
0.44525999225770224,0.2955439198281339,0
0.3809785327270319,0.1736673330191062,1
0.8007669407946849,0.20571092738067379,3
0.14259291368208812,0.08818521232400209,1
0.48893081865348104,0.6621983824625886,1
0.6300723199382969,0.2723380201420875,3
0.1305629606914351,0.4402550107194308,0
0.6338074541651675,0.1416788880802874,2
0.6317258223499023,0.5956653491300905,4
0.13836429545175682,0.20869461384934168,1
0.5856798007794783,0.7608416456462981,2
0.5934483136051448,0.2706176376094938,0
0.2579529095391787,0.5846188311572897,1
0.525542516700163,0.335937480120237,2
0.6167684955987474,0.8788949231700071,2
0.3370395355073487,0.0,2
0.4726524979832307,0.3176948235136532,2
0.43084819987961676,0.2503654234869735,1
0.2853736651036318,0.14594244256842476,0
0.3247881695296214,0.22876898527249828,1
0.6149027416945977,0.02269243208190941,0
0.11179774935845041,0.045906667327563266,1
0.7694246935058542,0.0,2
0.1825112407445997,0.5924532228798267,2
0.36423155542046426,0.27425331119691543,1
0.46354240486755854,0.7075612148408945,1
0.047451504190577004,0.28343049813107657,2
0.3201524339436978,0.28602534243446254,0
0.49744034562800177,0.20564971480905536,2
0.37361005604802894,0.0718998304380219,1
0.6460846733294889,0.46945152955802255,1
0.3953058915307862,0.28638920544600605,1
0.3028203699205424,0.0,2
0.6958998746963885,0.0633786818495784,0
0.7484895152343204,0.24917986278259427,3
0.46291661556728825,0.605703260414856,0
0.6426178233641763,1.0,2
0.5128133780751095,0.34486397368671984,0
0.3948767819506128,0.39844467966548464,1
0.23924790626256856,0.23475803289458652,2
0.5179618696371446,0.18320540544402247,2
0.5093974283125491,0.72656500593865,3
0.3449372394563176,0.5331564859206519,1
0.5951292495180268,0.1523804342267526,1
0.33249322319180896,0.41595333537464735,4
0.31147792133884045,0.21503305145072815,1
0.4568815745055209,0.38904688773225904,1
0.41088584133723316,0.5733778140642891,2
0.6151815522920666,0.1204413321949957,2
0.7188326178019973,0.6219170209573901,1
0.09711332606600104,0.2755516699774231,0
0.4008771418739631,0.11566522927603069,0
0.052399817103295276,0.45730344049227156,3
0.5705512804251558,0.29904471558568546,0
0.21592708065908411,0.4517252114739073,3
0.46573411359675315,0.02977426459439919,2
0.3654972744444009,0.24146619037031813,2
0.7146053421176082,0.32385785983051135,2
0.4185962182228339,0.0,0
0.6905392666777042,0.2649546211378826,1
0.40861819218519074,0.06793182521257657,2
0.38244920304353835,0.6265109317230894,1
0.1482739293349366,0.05901238916838164,1
0.6079403244342279,0.2775011756600781,2
0.2531407630668112,0.43379551891986545,4
0.0975666110813848,0.0,1
0.49079628925575713,0.0,0
0.49430491935906673,0.20548894371462925,0
0.6666654958621467,0.2131098600600368,1
0.9237687265447403,0.25146749922972905,2
0.5079254366210291,0.574999131151549,3
0.12443631883736672,0.39375202811838506,0
0.785981706315948,0.5056937699908696,2
0.28342381584346654,0.48923760655675186,2
0.5019574290694561,0.7372428250941563,2
0.0,0.0,0
0.5959770251814239,0.3943804469629515,2
0.4912944277628848,0.2738214335594138,2
0.5388375893329848,0.2543409855169739,2
0.43158775109243686,0.430910531923044,3
0.5622404957840232,0.0,2
0.412417416993229,0.0,1
0.6159563977930806,0.3117583804940741,0
0.5934159774765814,0.4989035274600925,1
0.7760069349146828,0.45906398508395624,1
0.5491247948104201,0.12385449034270396,2
0.7997404437557347,0.7124112061725332,4
0.22690079989841735,0.3565230918731359,0
0.3378721442964276,0.21871519151750202,1
0.46336684908110704,0.0353322193260569,0
0.34740443825693357,0.21825497268723748,1
0.5962703497985163,0.5674903994390311,1
0.6308427038588158,0.5772266145442708,1
0.9643607637560203,0.3924007013516323,3
0.628247380231108,0.3001297939634339,1
0.7225894217355231,0.2778850065399243,3
0.6251290318171148,0.5586532162308525,2
0.5075208723714006,0.16535351418174976,1
0.7186620428217082,0.0,0
0.10409049959744979,0.4055321500096937,0
0.3643444441733561,0.664965862118585,1
0.5047803257822286,0.04838625613371628,1
0.10445365884814786,0.0,1
0.10649499909000798,0.18794504831381076,4
0.735918662244431,0.31720422159319844,2
0.4969540340523799,0.42131140064631184,1
0.42160592853915996,0.2606794126881237,0
0.4738421876019412,0.17796459448493407,2
0.27839674750110743,0.0,4
0.23743275095825012,0.3097251308847594,2
0.7533724017154311,0.48138319890648895,3
0.5548785271262356,0.5754775013618108,0
0.7001513580406957,0.06893787742333685,1
0.29996773505822855,0.6719487029386499,1
0.6383310902850384,0.1001593409925477,3
0.4550339829660016,0.49961515246120813,2
0.2757144466061049,0.0,2
0.2575486009973812,0.03829153632448709,1
0.9371296183007016,0.9243757422257368,0
0.48356791949549066,0.4497262256470782,3
0.6902302174668835,0.14601959034020362,2
0.5653106413278409,0.24318095604417722,3
0.5839502758421753,0.30812525087025144,2
0.43899722631598304,0.4031863607119402,4
0.9274754137669254,0.7233528281258647,2
0.7093689896062713,0.15347431681594367,2
0.6599665599561619,0.08385564051939831,2
0.24687003649959677,0.30843194758188575,2
0.4260008074602996,0.2643389251121334,1
0.24675262073689794,0.0,0
0.45456291100199653,0.3297955270626386,1
0.41759254835391046,0.17635739391882038,2
0.494205416690991,0.35892547644849826,2
0.33300393563703096,0.05348049870161198,1
0.5815531561097833,0.5712301516681715,0
0.5729399189192491,0.09551878645973455,0
0.49210521212102165,0.0,1
0.7789179770034528,0.3895672341150471,0
0.5638968402122112,0.6869475564286899,1
0.3366873056996932,0.2845416606980951,0
0.6587725410643224,0.7155410026331731,2
0.6378474807123813,0.7832764835060444,2
0.6180407846784858,1.0,2
0.5068503541285404,0.37626815679245607,4
0.5782656056070663,0.7331767277053709,3
0.7570271411090361,0.6055772018882388,0
0.32364451167094066,0.4756666176877934,1
0.21253716257671718,0.5879097176153545,1
0.67364806342492,0.1837204344233324,0
0.4949926721781357,0.29415226500096014,1
0.4822569196929067,0.3854124584701201,1
0.34824021838192376,0.15983930188491097,1
0.37384446952293093,0.4447440767523718,1
0.687576558825231,0.6641275523904417,2
0.43479622310471955,0.14183051238886907,1
0.7164892623558398,0.2769763698828597,1
0.5560900838156563,0.49544356278417534,0
0.5737256095109484,0.3455360332426332,2
0.3967138442843499,0.0,0
0.5424967877478177,0.23601393097693218,3
0.4752341670552548,0.6228731139867811,2
0.46914825816853334,0.6042753111418193,2
0.17387291239811334,0.04056603587062718,0
0.5209290352680338,0.09516876736577826,1
0.019677683877380336,0.24332929733207792,0
0.38574570729314345,0.0493195997301446,2
0.7617625228147129,0.3582921101466737,4
0.26783372748766854,0.0,2
0.37108003967453396,0.6372933854720522,2
0.7019780085207186,0.20407958488148947,1
0.7691103802687695,0.8345433506364606,0
0.4542218793419858,0.44909011570001056,1
0.4250349946895551,0.1857164543368924,2
0.606168465791409,0.0,0
0.31315276666641634,0.2439717421917522,1
0.6970664606635788,0.2838451649300763,2
0.8097840213781301,0.6425216379656621,0
0.043000199784803295,0.04851507340916483,0
0.30378414250399854,0.31122875615368817,0
0.32370421886993195,0.24660849525614006,0
0.06679700744160752,0.0890676643610716,2
0.40123927777928814,0.23529238746104214,2
0.796580394161859,0.5232225318174882,3
0.47223264266212006,0.13045907889693206,1
0.391103458631268,0.5448798047209421,3
0.5557855662065142,0.2955598808735426,0
0.296643559817333,0.3119142358179736,2
0.3787410928890956,0.7582007328185462,1
0.4866045703731722,0.21532226741885327,0
0.19605582577504807,0.34063853930636806,1
0.831327306151537,0.5001491871390795,3
0.6786952627329113,0.3814528359204727,2
0.46965245232491215,0.30508388544673654,2
0.6058698907635568,0.428380285923796,3
0.43525850526271714,0.30994965537115077,1
0.21731656988968961,0.003678228053968391,0
0.2626468632399366,0.0,0
0.5605263932958335,0.4591874961232009,0
0.2255968915803906,0.3527138139741903,2
0.3973736349992687,0.423764108012803,0
0.5729028201059385,0.3176414949892177,1
0.28031306356839614,0.3616211138007878,2
0.5507243741185485,0.5266143049045243,2
0.3192617607894925,0.44397230304598356,1
0.3130500290871214,0.001999163024467926,1
0.47574605705444506,0.07689994967577607,1
0.41161477770416066,0.11583510620444976,1
0.6561591177273388,0.5166430883863281,6
0.8246293428399173,0.5769270963684536,1
0.3993969234043584,0.0,2
0.4828242733956942,0.6558331484509137,3
0.16043911623738094,0.15265108683925246,4
0.7007025418643368,0.38784448550830386,2
0.0,0.4119399148855384,0
0.5563150421523803,0.0,1
0.08935277714295409,0.09305543339753608,0
0.6405007494830774,0.17291927569121301,1
0.028817844057368924,0.11509345307511976,0
0.6517915392273061,0.30057044086968515,0
0.27113354490752506,0.48779204892541705,1
0.39209477603958937,0.44765138820622513,3
0.36928124248683714,0.43063727453743694,4
0.4633213758466633,0.26739948184327866,0
0.26378350363287173,0.0,0
0.1698686838286408,0.0,2
0.5042639112009533,0.0,4
0.30629828188981456,0.4656329482892821,1
0.4384126674223338,0.3745868645203296,3
1.0,0.4870766051344325,0
0.41339820907436753,0.31730472628590434,0
0.45800367696243793,0.602427595827482,1
0.12263742700430894,0.0,2
0.4939755562736705,0.47789704041108105,0
0.6513900910669566,0.38764830343846557,3
0.7716129062873994,0.4094006748497707,0
0.35609296721137607,0.5056192385866535,0
0.585810813551316,0.49374075895495056,1
0.15841928163828795,0.12486394505127785,3
0.5456220253889607,0.517182818192747,2
0.5872258914555437,0.45808231856604253,0
0.21889910422274986,0.27252345331259636,4
0.4518023119254591,0.3871291936520342,0
0.3491789231447224,0.08986456581230534,2
0.547524827763747,0.367420210296995,0
0.9819421132399629,0.3149354069444966,3
0.33677424527525035,0.5040728007064098,1
0.6285696036937012,0.2971189303226334,1
0.484553991767282,0.0,2
0.6231789442008987,0.2929933404309599,1
0.208427796627344,0.0,4
0.09263299320886255,0.046611383510909904,2
0.3346952409548573,0.2962022481055635,1
0.33718844180422897,0.39630757409392314,2
0.36307791658182953,0.7555492816224847,1
0.30427254385718855,0.4836320229962218,0
0.48128234636425826,0.30167113773915066,1
0.5602010772253825,0.0,1
0.7885127066057251,0.39650320341970763,1
0.45166740609736333,0.15700726789151065,1
0.534600150670891,0.19947226525793493,0
0.6120184289024146,0.1150653322554615,1
0.10600158582039566,0.0,1
0.4149337542222219,0.024082673205749916,1
0.596808596230385,0.5141435209927263,1
0.036375863004737496,0.1356071350495733,1
0.6658882044025193,0.039699425331928995,0
0.5724721002030625,0.3966487981199556,0
0.3312225137576721,0.4504250030601634,1
0.940175311724077,0.5269926290561442,2
0.50112101874134,0.362789229339072,1
0.6043794088698506,0.24974642569461575,0
0.6889487930946935,0.3448745740166472,0
0.0522146340774704,0.2652812166165021,1
0.3141752545135441,0.6568823265011512,1
0.6503740291910575,0.6869097196400242,2
0.29297387472226,0.2750385780973067,0
0.8407081603782617,0.4905600605464977,1
0.3329188378084938,0.5259096687048289,1
0.3911557967359781,0.5784098062344504,4
0.6336315831925108,0.0,2
0.7850105820856462,0.18793185653979624,0
0.8558259965140211,0.572390582481497,3
0.47112263329222703,0.0,1
0.5026854844608326,0.0627015027241696,0
0.6925567786911883,0.0,0
0.6294798413271201,0.37731171466356733,1
0.17806679203383996,0.20489306546418445,0
0.20582924812545872,0.1478163184574317,1
0.7607036054262026,0.6318790472144792,2
0.2788692773164403,0.3106681736756979,1
0.40472212016270637,0.18859213483388032,1
0.5897768720815099,0.10307404134518589,2
0.9756712197998616,0.7266513115767396,2
0.45169120569960663,0.04431388131452588,0
0.43230066077622575,0.0,2
0.17048572392646133,0.3890394178263427,1
0.20046729565770377,0.0,0
0.7059679096461353,0.31490808325710995,4
0.25177676426189155,0.2010616102539115,0
0.3020545161926846,0.3278149598242439,5
0.23029229323405848,0.7050877407886091,2
0.4005088326051053,0.387906864960811,2
0.014685543663888412,0.34542341048881076,1
0.25227755930617957,0.0,1
0.7682166737146615,0.4493931679688088,3
0.9959307249719004,0.20411168256875206,2
0.21974705930821906,0.0,1
0.9982937983721694,0.6460691762619932,3
0.09958106394632726,0.4415751559106996,0
0.5534694408772676,0.5120141160715008,1
0.3891054521151531,0.21687061478374234,1
0.16804483181795646,0.08681653913389104,2
0.4346590832009126,0.5713123803824388,0
0.5999011807749619,0.8570667625290174,1
0.2907740693033198,0.2551133279407759,1
0.5065322426242033,0.3476577324825454,2
0.3334398158168337,0.26236818106057,0
0.49622341921454344,0.44810876563446145,2
0.4644174194549807,0.035519086690230794,1
0.3328787419185415,0.07106209369415742,0
0.33829543623400365,0.32460382667978027,1
0.7311299614500547,0.7879675308367129,2
0.5484050507437416,0.20274100494366498,1
0.5517447988586804,0.0,1
0.5407000686286625,0.16058215296599365,2
0.8032659561714169,0.789554152136925,2
0.5585834019908258,0.0,3
0.31420423274123344,0.0049903741117116596,0
0.2190329791423594,0.18095039491917334,0
0.5931512720974714,0.4417315949791279,2
0.45252907131158365,0.4547363858139085,0
0.5087790709778758,0.0,2
0.43021395946473323,0.2264498323209599,1
0.5951965372480864,0.6414699931562866,1
0.37898288859105267,0.17866665010846564,3
0.04241743148368613,0.35754527160207067,1
0.31969122581276815,0.03563852578439641,2
0.6076384833360007,0.6822833197822802,2
0.31085871675805327,0.14073453145913797,0
0.5595699565651513,0.20778145854171423,2
0.30492854945178605,0.10567061038515446,2
0.4427370097879023,0.40614392845634234,0
0.4488729088155625,0.41319444476197326,3
0.4472483751380828,0.5786314320460615,1
0.5506943754450297,0.6645097753086096,2
0.669160974977003,0.10745510914887585,6
0.3492396788978421,0.0,1
0.3414094944763597,0.04753108530061334,1
0.5052206893443014,0.13191976361080263,2
0.7138649653630816,0.5412557465393212,0
0.31984281039196594,0.2397081777858762,0
0.5828000644865377,0.2414642448603499,1
0.4237200588876716,0.2181965546711595,2
0.5558465897283702,0.5187585394930406,0
0.8542836017878443,0.8666598780754606,3
0.5026225263358424,0.34420279510629603,0
0.49679133791491314,0.0,0
0.0,0.14493010642063325,0
0.5562196028389772,0.734041199391283,6
0.4827694432105527,0.3663697151009997,2
0.27406134755626527,0.3299344525230359,3
0.26138749764634295,0.31149487886340893,1
0.6728502403763412,0.13735155443515631,1
0.19373604909045167,0.15396822426800336,0
0.2832093012234526,0.19016716031645492,1
0.3456216685931195,0.5059384558750035,1
0.06581940638970948,0.06470845824411572,3
0.6226982708845723,0.370122560489453,1
0.4225199024445355,0.4992185837050631,1
0.6436883491273876,0.8295970034223044,1
0.6322208604534826,0.3388807721220158,1
0.5371574021424114,0.0,1
0.17309457840868453,0.3668986409963332,2
0.5718359559478874,0.7562348445179552,2
0.41465639539395005,0.4023087754899429,0
0.840192997445946,0.18563404582837667,3
0.39508646861377933,0.017757608506680622,1
0.3708048967650793,0.08380005224627027,2
0.3608347984381062,0.7431794404806229,0
0.4844884806142258,0.35182200185600576,0
0.11564221841585029,0.03512662914964626,1
0.5943811074630014,0.2404140709379025,2
0.39809634927203236,0.21339919369255284,2
0.48871910871340074,0.5962825000395346,2
0.7175852945013573,0.14041820994969637,4
0.38408100637366144,0.752624085725436,2
0.5038235274334921,0.2428131432001221,1
0.3177169388824334,0.45799048416599036,1
0.32468384169699,0.4981224189124566,2
0.5758610101146654,0.5070445721464512,1
0.4395234515088915,0.3239417559734853,2
0.6539464272399272,0.419669447010606,1
0.9469900525015589,0.39355613331526057,2
0.7054062328731782,0.05704317401791442,0
0.6314439585975522,0.6196269390263545,3
0.4046447494029769,0.352568461435771,1
0.38735960980310447,0.10155333343345324,0
0.3449052988591876,0.0,4
0.19927577405255975,0.0,1
0.0,0.3279539804557068,0
0.23241872766480104,0.11501412668755986,0
0.2289316853867797,0.12810912753600262,2
0.329606152190069,0.3467677677522713,0
0.23195125430878835,0.045322485272330515,3
0.78513381893328,0.6208412152583095,3
0.5127032139354735,0.3795122267366852,1
0.3010184476023534,0.2549385207577896,1
0.43857741632138036,0.19860676782954806,2
0.20020011171295232,0.03660121079348297,2
0.33716739195631584,0.45863156444392983,0
0.4438711279417885,0.1253684180171883,0
0.5218131983262422,0.5108679733324298,1
0.5009978126672239,0.7214287716244427,0
0.638437702926992,0.4987034149237378,1
0.4516247684166438,0.6287239183871933,1
0.6111054489787171,0.6267245963192847,0
0.3997701698886259,0.25143250352264246,1
0.24033430334817074,0.36655173154838827,0
0.8048046795056925,0.861882826320148,2
0.5292059394093911,0.28407806804373087,4
0.3079091468754902,0.13853667386742005,1
0.2455505229665219,0.03182807590308606,2
0.39735654968454215,0.32567592093788766,1
0.6233037537638667,0.23110063897950592,1
0.7321599521476105,0.7352317276283529,1
0.4837688506522608,0.4184484050823763,0
0.0,0.42120901012917084,2
0.4228698842543613,0.2561397760537998,1
0.2976818010697953,0.0,0
0.42125210554274106,0.05661430904149306,2
0.4519804627796208,0.200671397990059,2
0.4277424942896381,0.3460937413318754,1
0.5473175343396239,0.4801540433006811,2
0.2182241148734233,0.2760032780064312,1
0.3916799207406245,0.0,2
0.5192688170280676,0.40853878117051784,1
0.2955382137945766,0.052755878796293704,0
0.5989586759559469,0.3546513212796015,2
0.5473652760538047,0.4202387863170329,1
0.453643717625835,0.0,1
0.5823306423338059,0.47249638961285656,1
0.6913296023912259,0.8964711710139031,1
0.41215777238686224,0.3579967768784381,0
0.3674573598892694,0.390484586029645,5
0.3957192927841468,0.19225820774737146,0
0.33516367545565273,0.2119872149749596,1
0.873152244036626,0.2829029719257561,2
0.5300944981414877,0.32414300919010475,2
0.47223755140037105,0.16907051278268273,2
0.5879547645688047,0.0,1
0.2693411117620065,0.21485257458394405,1
0.3652018367136475,0.21218309837373345,3
0.5568595392591853,0.3825461334783292,2
0.549417071672956,0.09025089679898213,0
0.18824694722895385,0.21367756011833922,3
0.5109642638911172,0.12998275178385377,2
0.028553216255855593,0.06825882354385983,4
0.2665387059310004,0.601003097973632,2
0.8110201371835002,0.5746986378050232,1
0.2779319921236748,0.03113835563594991,2
0.001763215948441088,0.0,0
0.1975919198628944,0.17409419446041352,2
0.6078569639653286,0.23148422775845096,4
0.381844791090712,0.0,0
0.3373741565139685,0.3316033348422517,2
0.23679470434797686,0.38797535888264634,0
0.39469510115401524,0.4722422717295691,1
1.0,0.6325010352718126,1
0.4219157038688559,0.23403396918197422,0
0.0,0.0,1
0.583736586912742,0.4679300208385574,2
0.41682324220918754,0.5381832671438653,0
0.7363989565542037,0.3108199539897768,1
0.3408132373100929,0.047772607168362013,2
0.6603804513583165,0.1327101732774203,1
0.22647064460543037,0.19922028966968586,1
0.20334813782385264,0.2937757550718657,1
0.77180878459152,0.09513413932102405,2
0.4736288900291525,0.3847627869620538,0
0.4885919201624951,0.5665340863781851,5
0.7635181866818547,0.14760795960609052,3
0.5326962088502024,0.24255448505178412,2
0.5830263242784929,0.45313532785788013,2
0.3662077733600475,0.12005024622132753,1
0.45764904867835987,0.328843390555267,0
0.21755742514135096,0.22875416766881504,1
0.2752363871926352,0.5566307799019485,2
0.7055271255642863,0.47280831461936224,2
0.3751408318659387,0.06880034658536349,1
0.11571414710039195,0.0,0
0.8731546966271861,0.649034533001403,2
0.5231193669252332,0.33563185185964817,1
0.2140661726619016,0.23395056447155504,0
0.1915992934557925,0.38973058230411367,0
0.3697017394083958,0.0,0
0.0,0.0,0
0.4007282028078343,0.0,2
0.8532862098816221,0.33598477676335203,1
0.3309383726153444,0.19298792017962188,1
0.4214402203059746,0.3611825003266399,0
0.7120197311819937,0.7447355253643818,3
0.2223992625416726,0.09054598888918994,0
0.4718663127915588,0.2443997240116995,2
0.9998000812090295,0.22418294629470262,1
0.5405934382136279,0.25508738584853297,2
0.5466334972247981,0.34952884852928967,2
0.3065678873486378,0.471737103237625,2
0.5611473832184705,0.5374139817740932,3
0.250365130023874,0.0,4
0.5414646162804237,0.2621946029041777,0
0.5872329440148059,0.6731340345362249,1
0.2348002776994176,0.19481198528806787,1
0.44599672566023063,0.5315279903758763,4
0.2430286830589576,0.1980185524592446,1
0.19211381087788892,0.15358665786247255,0
0.5279631993484,0.23239921928240212,0
0.4291202792391496,0.07764828245121641,0
0.4144310521850763,0.35640071547897134,1
0.22268779293223206,0.33781557024483155,1
0.7330760043938883,0.5594822523689212,3
0.470443617498535,0.06246168051026266,1
0.4596054917861239,0.2572805803884801,2
0.08193583994228568,0.42505632343204036,0
0.32426459052330175,0.548189611132617,1
0.7331880264979898,0.31154824608658294,1
0.48430240896829885,0.0,3
0.5615251059172,0.5550761086529368,4
0.5380630868139699,0.25427910327539477,2
0.353914790142252,0.38883635352100276,0
0.6719639033760558,0.4474610609049825,3
0.4736129742078789,0.3673530799463543,0
0.09401781693185121,0.24057423801881486,1
0.45865531803101034,0.4772193353368329,1
0.0,0.02158072682873448,0
0.267634359597532,0.0,1
0.1713458755582065,0.0,1
0.4842620134766499,0.2891503428483042,0
0.39602476689662136,0.1584768599729538,0
0.25361699363236073,0.3204232048358644,0
0.6654407883596596,0.02005271981931775,0
0.5835956747802231,0.7848725259683517,3
0.6602582230322142,0.04353875134704832,1
0.2109893311843416,0.5769853443300534,0
0.2677575685535941,0.6019413069003949,2
0.33886948413688894,0.18152101073410995,1
0.573170546351737,0.012278132524632557,2
0.7155554041884293,0.486040424575321,0
0.3161277784978682,0.11596024092494113,0
0.20219133963190167,0.0,0
0.2037936744789393,0.2875651457364692,3
0.46614959249110655,0.08183466052127455,0
0.3880361015842134,0.15215774125192688,6
0.3378575092680153,0.2041732443892943,2
0.5383503696556686,0.23248222544367825,1
0.29235891888587545,0.5924272904398189,0
0.3303851053618898,0.2742059266056897,0
0.397401322144526,0.23130065870230312,2
0.28183618390476345,0.21366570122583553,1
0.21231746216532577,0.24045086116382813,0
0.5640447548344464,0.4354101785634754,2
0.3352099353840842,0.3860823217605228,2
0.5117237248314463,0.3309542401093222,1
0.6535756180908459,0.44599380606500727,1
0.34008126444493925,0.17437844476047737,0
0.8005688737680932,0.3908602810682811,2
0.5851848399304351,0.1344892339772171,0
0.21560429343643261,0.15560038305596163,0
0.30895852310405225,0.38242906261401066,2
0.5320467356328804,0.2777468432921012,2
0.28944360108955536,0.2636284295621828,3
0.3736107712740653,0.2646128156049937,5
0.04332427634237873,0.20126732866575167,0
0.4372281740874984,0.15979074889331873,4
0.3672707825380361,0.30410125256279213,1
0.17000906841213131,0.23386777061186298,0
0.40514418918556294,0.27211934564540463,2
0.09164622112832338,0.3166231151399879,0
0.8581760274929185,0.17636836155124616,2
0.4188705796316127,0.47233140709376686,0
0.2094359523256231,0.198942502485779,1
0.22204991509105204,0.651525164026596,1
0.8441745820460266,0.4134851070301096,1
0.40781746557164555,0.4636466009491642,2
0.03430136470613067,0.10319763179086404,0
0.6193674072444122,0.0816660073667328,2
0.13577643680749238,0.1358427448798002,2
0.5586699327312005,0.5015265666413796,0
0.9437132664376483,0.3870134241416091,2
0.6758738614548746,0.0,1
0.3118813504846894,0.14505701874708968,1
0.7956782628954585,0.247151201661333,4
1.0,0.5677814051520907,3
0.5762435500850991,0.5865610355371671,1
0.5768456392042165,0.5115180887648647,2
0.6305251232701888,0.6537901549703475,0
0.3273463395490081,0.20986320056924396,3
0.37753461173996505,0.1541301344624003,0
0.5118792605964869,0.25501162003027844,3
0.6802446066493598,0.3778998896028537,1
0.05894635997835784,0.1795545139176544,0
0.6701388481394877,0.1656024856216664,3
0.2432430375695422,0.5110480125313246,1
0.6933515788777803,0.0,1
0.29792311377804215,0.4416037364919736,0
0.6023355484041146,0.5528165999232558,0
0.05801229172784489,0.2543447764959075,1
0.8990836699389164,0.2974265814366662,3
0.6674926824952119,0.0,2
0.8819002794742672,0.4274128378864253,0
0.7942285233653948,0.5979974117110709,2
0.4990224512644925,0.3321206873518114,1
0.7069682340909119,0.34126808680405,6
0.6790431982455748,0.625045996569542,0
0.2601057996019968,0.6770894309499225,5
0.22960148482361192,0.15926549469029452,0
0.08030196206415097,0.2640397184097789,0
0.2936206538443744,0.0,0
0.6311210308737165,0.29149264374097056,2
0.8930319507055791,0.6741440565909554,4
0.4066764265666544,0.35029886861698895,0
0.3246892761539168,0.10785681908928928,2
0.13914660301492,0.24056970529089655,1
0.5208367971236958,0.3142626501376227,1
0.27099460902751854,0.205545202251283,2
0.23972260937357975,0.32165405456915797,0
0.5670869397245418,0.0,2
0.6206510326474605,0.5099390891746954,1
0.32468811684774723,0.360768278181939,1
0.26470340133954484,0.2903377146089651,3
0.5687656939914623,0.3331523109405451,3
0.22116294348460297,0.17895811478606222,2
0.5350592221691786,0.2704151532985804,2
0.30759708323209745,0.3163610587405017,4
0.45193221831766006,0.3311761686424511,1
0.5418880732512817,0.0,5
0.7807952051620342,0.501568331738438,3
0.3757948485095069,0.15284872913967765,0
0.43849424072928855,0.8867005802232506,3
0.08021206388927343,0.0,2
0.708062825927826,0.31638423545441685,2
0.41738896722368796,0.34922451592115766,3
0.0,0.26564178326681465,2
0.6174676780252961,0.0,0
0.17482711332877598,0.0,1
0.48952601495355036,0.4062296708656179,3
0.2700101411729092,0.06315122930897404,0
0.6916247620010268,0.7132365477199216,0
0.46857292807384066,0.3111821639250665,3
0.22659852284072002,0.0,1
0.1475410619997322,0.32198883367054654,1
0.6555812219756766,0.6212200454394814,3
0.45079192059304385,0.5637084448425036,1
0.8006867903449104,0.6831768309874517,2
0.5242148311449412,0.6981912879870319,2
0.5911750595492518,0.28084484020986955,3
0.3189808696706661,0.393429568803331,0
0.6946974645495754,0.10459258257028425,1
0.4216931880782959,0.23665733065917244,0
0.4162542556288418,0.2442343834082045,1
0.3795006181617678,0.607763562274189,2
0.7068718333501217,0.7234194229466455,0
0.819793794267135,0.49704903624432584,1
0.5484809573455665,0.3021160510596347,3
0.6769996137176645,0.4801532997436977,2
0.7143257945544996,0.42883509335060827,0
0.8961206423634513,0.5416030419191482,1
0.5532655910737649,0.5541322905785877,1
0.39689123506029467,0.6383478509786416,5
0.35262810987355253,0.360791874277421,3
0.36958087368690795,0.29898852460559305,0
0.28513143296643145,0.30176911464271444,1
0.3756858756016954,0.051417603848352145,1
0.2583104266066092,0.18915943364395793,1
0.5991400288043163,0.47838089829660496,2
0.6550304039659873,0.29427302119186527,4
0.38094638018109206,0.651570835769121,0
0.21738567801539765,0.5149433312641015,1
0.2417170265062274,0.44309560933682707,3
0.1874511121370005,0.32938496321865907,1
0.47896655842398916,0.000824715182868696,1
0.4620762813325585,0.23530872254981583,1
0.260478731077819,0.407762449217164,1
0.45887965379397716,0.12076045570486085,1
0.32220729949493154,0.49986314591503106,0
0.558405735624409,0.0,1
0.10519016313965822,0.0,1
0.7808594115210813,0.7792241234594521,1
0.46057722446397403,0.2735949014825062,0
0.2823529194380902,0.27779680740365875,3
0.23917817206235564,0.5185138819364976,2
0.010566042528009578,0.44397908671387853,0
0.5882475274066991,0.4737795582927451,1
0.5886125056096223,0.3006463892285665,3
0.1446893830760661,0.27787500916043806,2
0.6116250605726014,0.4510098845652028,2
0.4638384865098241,0.5199690565370979,2
0.0,0.013892514424855715,2
0.790266226507587,0.41114736779773703,1
0.33868282474969175,0.27929122154412467,0
0.5021011166972519,0.6396350302060247,3
0.114039262118908,0.2726602512737912,0
0.5959586111723871,0.2747050431151788,4
0.2700907591586166,0.28331510417028594,2
0.5816550908117337,0.0864856271596465,0
0.41851106992582254,0.45633293439791095,1
0.43504385566477277,0.48684426046797913,1
0.06834782518593707,0.2828093747533177,0
0.21947751520082961,0.2384085182735388,0
0.6137908675760088,0.3794572513235537,0
0.696547985035566,0.4897077094084945,0
0.7879831911508968,0.23946390759619318,1
0.8431685299332674,0.20546533597813527,1
0.4277747954736382,0.0,1
0.5664158897531184,0.6002674248800662,1
0.4257435089610261,0.43053706650453416,1
0.9491552847243366,0.5211558706188121,1
0.6448388195810962,0.5837804082118553,1
0.4072792146706006,0.016184913790873112,3
0.7762326111380055,0.17519520021358315,3
0.8775522732319101,0.5394236944038752,3
0.29939196812291263,0.20737297882777095,2
0.5892723514720397,0.0,0
0.008377858525847492,0.30810174565336934,0
0.4739193927762094,0.20327001700605923,1
0.5835079057330174,0.30115858285714114,1
0.8765972337601888,0.3625136332747104,0
0.5368423958326313,0.0,0
0.3811178841048183,0.14505991423934794,0
0.8921271287708836,0.3223888234676193,4
0.8210388855364245,0.498920684663512,3
0.32352973427104087,0.18701208613530593,1
0.8046857438806136,0.4315007493468608,1
0.19249967260622186,0.0,1
0.403739271229055,0.1373225451313993,0
0.70127164320439,0.5111729387560058,2
0.47482615504823766,0.3077534091890783,2
0.5409378600545636,0.5387879321746041,0
0.5470510458782825,0.0,2
0.42998640706580177,0.4451946734011427,1
0.0,0.03133240517422445,1
0.39032082477860985,0.0874166247443264,0
0.27269642456565113,0.46220773238194757,1
0.3822820857159874,0.409124214476565,5
0.9339468046473057,0.7876027823088145,4
0.5021422136205788,0.6047308979865735,1
0.43925587142712613,0.46554894010442194,0
0.43025791647539946,0.027617575002223005,2
0.4936398944751546,0.4441307115741982,1
0.5677940422293666,0.24099766579506682,5
0.5669057721405597,0.5959646271053746,2
0.4091157941703297,0.5796632872658332,2
0.6756443673597153,0.24620250917776423,4
0.3299468719530001,0.46422652949384013,0
0.2136313655586502,0.0,1
0.33812944537965617,0.25564191274259584,2
0.5292254882187248,0.10770274953896547,4
0.6902727348845642,0.04973871127662566,1
0.45189407252742564,0.5742181524563508,0
0.2976058719553937,0.3444156191945854,0
0.46025276755582145,0.48560269453724025,1
0.38129752145832874,0.3866516937949404,3
0.27796945885908114,0.038824203363017284,3
0.6033205251377642,0.26889953187834637,1
0.38598410687081397,0.021565387024797072,5
0.6567242434412028,0.29198987744164706,4
0.0,0.2592704677424351,1
0.34996185731867013,0.42009822954695375,1
0.09661009141999463,0.0,0
0.3286481617082398,0.02535307790590835,0
0.4990113283385031,0.2706624369279779,5
0.2697951402071338,0.0,3
0.5847964299885101,0.4386169162704433,2
0.32238077694338724,0.2380614525684017,0
0.2561726511636612,0.189868563380401,1
0.09252385022446463,0.5670397610256723,1
0.5386599918443293,0.29533590399843723,4
0.6154920192731432,0.25850292577524037,1
0.4744199731858855,0.44593643178157055,1
0.15648341645531308,0.4817087596761862,3
0.4576801044085802,0.2526858225707011,1
0.2051297123250887,0.3513863739350749,1
0.24922513902199425,0.19294617962738084,3
0.9274044174062477,0.3900469169946901,0
0.543804344869537,0.4771490100999106,2
0.5776532423560645,0.1758010335079302,2
0.4603172774761479,0.14959008384070854,1
0.44245484763001985,0.5443262414522997,1
0.4412192127658926,0.6808346111403654,1
0.3776801475077065,0.5432948870646647,2
0.5494770619972896,0.09142870999563646,3
0.1673379349247894,0.0,1
0.5267879253232455,0.0,1
0.24089618361597878,0.3333341757910055,2
0.4523993031049708,0.0,0
0.4773509621015811,0.13003941878501374,0
0.5417637780001606,0.587322594692748,1
0.610945909378084,0.5068670628082268,1
0.24090060042451442,0.07653442668563987,0
0.2191997049080988,0.26301098316336363,1
0.5040584943851562,0.4738800167010111,2
0.10018081740412169,0.3612557160823032,1
0.17514896012585207,0.0928220355752411,0
0.33605215877929495,0.31881737255402215,2
0.29311802686299077,0.14210188323669146,0
0.030903194194010372,0.0,0
0.09614890702296985,0.2730003174540618,1
0.457670092025655,0.18766025569156544,0
0.5779959959042725,0.0,1
0.4242363190002878,0.36252670551063704,2
0.35540823931218635,0.36675691867980226,0
0.7818914426066852,0.6922163215396976,0
0.2846465693666334,0.08984204360515324,0
0.521948710812627,0.0,1
0.5448765531759153,0.47876566302996004,1
0.4249245894364375,0.25293475487138445,1
0.6680240400583227,0.11277992055216335,1
0.0,0.0,0
0.54409284638153,0.2503756748142444,0
0.726145216978649,0.8343928621634897,0
0.893326221313848,0.32465111006668745,2
0.874509527043293,0.358405277175855,5
0.42938601501295975,0.4687469721193185,2
0.41185133837603,0.3488676486531,1
0.516059585841588,0.0,1
0.24990216253343903,0.4273938006986867,1
0.0,0.48744479590945294,1
0.29118426532486874,0.0,4
0.3846848747222747,0.11905078183044734,0
0.5366564240155675,0.0,0
0.4007153989057775,0.23392151491100258,0
0.0,0.37929323323047914,1
0.5717068499137805,0.43570217371854325,0
0.6647272800033059,0.6845501907885242,1
0.25341540249806993,0.36060662011918043,0
0.30432131139861457,0.6200021904861346,1
0.23999861733250843,0.4433181059842373,2
0.6091216212647887,0.4025766734360595,2
0.34659215161042084,0.3228165060806085,1
0.5037728206315049,0.16065412119514966,1
0.767302932824936,0.24867355529162308,0
0.6164519948435802,0.5219712220691743,2
0.21315196434948544,0.16562988676701884,3
0.40838322129566196,0.5597472438020847,0
0.4683220174667381,0.33396401533297126,3
0.36195460844830346,0.0,0
0.0,0.0,1
0.18435073791043527,0.3158267837515718,2
0.6318105934662649,0.07571679149498944,2
0.46112715440127944,0.31343167643151865,2
0.31998196316084837,0.5756755139829586,2
0.6242084202845535,0.4491861241312833,2
0.49682168099294244,0.23768805915460783,2
0.5190215886085052,0.33401630955068656,1
0.1715236540127165,0.0,1
0.41927856805358854,0.07416670703967068,1
0.3648310001367342,0.2585605420416514,2
0.26496572021954234,0.16148598757668636,1
0.3234229986364454,0.2602839184959919,2
0.03198672115512652,0.3144883875901714,0
0.6924071910449198,0.7435777841967519,5
0.36496548278109836,0.7587675043681747,2
0.7669304581771146,0.439516961760795,1
0.644155396008363,0.745058134865631,3
0.47094530135674684,0.0531498162804398,1
0.6474911739810948,0.22711230510661792,1
0.45807523474674783,0.5085712205562578,3
0.22910625073264387,0.0,0
0.6686307990947444,0.24347087738755469,2
0.7771278293164314,0.5978543652687272,2
0.7068077608472161,0.5733636883554485,0
0.5848894947362422,0.35275691606619797,1
0.35105501804043526,0.08551809333593655,2
0.3381725096503654,0.32886819545137747,1
0.3429175104322005,0.055477199924838405,0
0.2000993095750928,0.2148119149540032,2
0.49267184196322544,0.33444920967194464,1
0.13435949752843457,0.1713257421987959,1
0.5452067601121641,0.3529449900148499,3
0.5103254082625868,0.1724737416764603,4
0.46337300117634667,0.1487558877138084,0
0.73042998020035,0.18598909026624724,1
0.3570235015248152,0.0,1
0.6372019214801488,0.4349510741057154,2
0.9265185961687122,0.6120860139275135,1
0.58484113201115,0.4314560167025321,1
0.523700152706541,0.19300791646466905,3
0.41669727477250773,0.16168930707763038,1
0.602558649181901,0.54654146206525,4
0.5351009261954125,0.6407742634748429,2
0.32342610761672447,0.21749639171770274,0
0.2936749324674937,0.5256163845624469,0
0.7022869199184711,0.4838603015281182,1
0.5256715375648602,0.20873662674492402,2
0.3830926894105958,0.31501777272705866,1
0.9678914609638061,0.19368788200666626,3
0.44571897786191184,0.34958598509806693,0
0.34783688552056813,0.22980531429629963,0
0.524637546723193,0.4848491376984204,4
0.8712573752101535,0.9277915854642531,2
0.7954851961185299,0.3189999039353506,2
0.3640171945501562,0.0,1
0.5486885970612029,0.4651728471371777,1
0.5086268037498589,0.3875082004527199,0
0.542440973187478,0.04610537420331595,1
0.049662072147632616,0.1529494434360299,2
0.574773158988726,0.5626587731679857,2
0.4997117806604354,0.006815520722590895,2
0.38916648658008063,0.19671403079602928,1
0.4452929177378092,0.4876646080814722,0
0.32727138348546797,0.18044993616876517,1
0.30696095238069476,0.24976233252023733,0
0.6866306029824185,0.0,0
0.5683614618207066,0.1724995932134078,2
0.42607643335873785,0.3456434019934957,1
0.3218313476622803,0.4439275560371111,2
0.2210569397222665,0.0,0
0.15212367919776318,0.1648494503058327,0
0.4199661387123238,0.207005863696191,1
0.39321066975936175,0.460963497743046,1
0.39950764370353986,0.0,0
0.612967857393413,0.3532400243914995,1
0.42527196345139306,0.2568411485768194,4
0.6335080207599434,0.47638002498466897,2
0.9350438258834812,0.597520816195531,1
0.7429117087721351,0.31046589740305525,1
0.5554684585141928,0.4089488089955133,2
0.7497067289099443,0.5029793499303583,1
0.41158866491391155,0.19156383916622285,4
0.3068234188493195,0.07274735878466779,0
0.24142180058090645,0.2819249390455606,1
0.39057603728995394,0.2975680625190239,0
0.5495417234300394,0.03363888599509071,2
0.40305817441550057,0.23401893522024553,0
0.5486893951448951,0.1594534902077104,0
0.20987206892214272,0.16440559088957507,1
0.047806510522314716,0.1579533634335365,0
0.4306089642199018,0.4534209359405411,1
0.28861328709851264,0.3048865438017452,1
0.6502707289661922,0.3244516036059554,2
0.00015709105530806178,0.1208853742919171,0
0.4175266464046541,0.5124356466100037,1
0.7019745800999628,0.376080842342934,2
0.6029193804665287,0.06928496019553612,0
0.5227932442609499,0.002319064578635288,2
0.40090876805726483,0.5926459804629658,2
0.6456618950717226,0.542770088599376,1
0.5702861034794866,0.4272428021208063,1
0.34620990615383446,0.45671249277644116,0
0.5593099762461627,0.0,1
0.5440700872871665,0.5722229615080436,3
0.8241037067302914,0.44476202912861923,3
0.2502150567765947,0.21379911438789187,1
0.23781102415487892,0.11087659998106394,4
0.3626965572691413,0.4842813934221418,0
0.4710161862843816,0.05792557895791492,0
0.5907840352785967,0.5849371908067393,0
0.1920056820022087,0.3485172190190341,0
0.5846406997677963,0.5316784623416658,1
0.2396703007406508,0.21407085732124598,1
0.33989008932397186,0.0,1
0.5109712268317627,0.5675304170959341,4
0.4809181852277719,0.40383309255709027,2
0.4004590116579481,0.636619003073933,0
0.6122863359754682,0.546010599426468,2
0.5314640738722413,0.5080945162358507,2
0.39261312143918436,0.5662207485332977,0
0.5517489568775035,0.8138582188261998,2
0.40211544766249524,0.35432370344129444,2
0.9451758532709619,0.3722040093209277,2
0.1581154116455104,0.36302795032327473,0
0.7682195942680624,0.33818202412893456,4
0.7054758401189406,0.4431820600151461,0
0.1376074167658174,0.2493145458732065,1
0.47445708506189394,0.6352227099907966,0
0.1629664813054681,0.01614676744146673,0
0.0,0.3259698036150613,1
0.006539666407027689,0.058524704010678094,0
0.3923328313255726,0.13696337839735717,0
0.7498534088185616,0.23047033368619502,2
0.6667069829525801,0.5196352963020681,3
0.6308446794328776,0.5912824889759258,2
0.18702728460402038,0.24470676508055264,0
0.6564673250129789,0.2612508281219792,1
0.699046141001575,0.2918031886958688,1
0.20808408823694835,0.38682165680778835,0
0.05975253702810229,0.4376876821937732,4
0.3242784788497133,0.0,0
0.7199949273487104,0.31075451061277887,2
0.43669945859213205,0.2657790095079059,2
0.6223268624702655,0.5502389159562527,1
0.038790832942187714,0.2018177737778371,3
0.25764562553892856,0.4032734499098964,2
0.45684790369115436,0.1350868638372797,1
0.8291525383737662,0.610594649700565,0
0.17555962554742666,0.3447850326592422,4
0.5151758070741844,0.1746657419099404,2
0.41667639844360627,0.8767817067755699,4
0.4997730412206375,0.46114437040329065,0
0.5695870141447101,0.373279185336058,1
0.3411778972193157,0.008866441875434394,1
0.24233065435493054,0.2289961781358298,1
0.0008921405446837838,0.3275364362706123,3
0.4151572970913542,0.43366857154922955,1
0.25852576663681387,0.5720901147524531,3
0.4841701718185702,0.2070531381784816,0
0.8199402257741946,0.34149913561985507,1
0.443023293913171,0.0,0
0.8263159221344305,0.20842518589378156,1
0.330144366776177,0.2467236083065535,0
0.48107924317604334,0.5411460233701264,1
0.5686263259400866,0.21086074462244386,1
0.5441583430997172,0.10578544802225989,2
0.40778906300615786,0.3854595986072895,4
0.4535861702681383,0.6103024667578292,2
0.33908789074707185,0.25246867888499713,2
0.3047585230930917,0.0,0
0.8674286870247899,1.0,3
0.4634587209124939,0.1573325489064278,0
0.25971398671195434,0.11510743641192095,2
0.583711806353455,0.37420160498440896,3
0.8781469813234001,0.6521625444820578,1
0.4409324469602186,0.3421360324132065,2
0.424535066990453,0.4787800191744095,3
0.3344817239830569,0.03015968586306214,0
0.40691504786214616,0.240592117174534,4
0.44689185400538123,0.6143581749848347,0
0.4886492630735053,0.3096687290591137,1
0.07879926486693536,0.12388044119164113,1
0.4686538197790801,0.24584613406026815,2
0.21056030251208996,0.2752883867104023,2
0.48462447051416974,0.4680728747373638,0
0.2775733327648519,0.3536728336388223,1
0.4290724713214156,0.31612135026608634,1
0.5218136883913923,0.4100605858904696,1
0.36157593848729797,0.6221701488206695,3
0.7486902186330804,0.6458085331539163,3
0.5355853962326623,0.18310609324215968,0
0.39138317459430755,0.0,2
0.8229817780653738,0.61113227499773,1
0.5250848796353857,0.3891929948444154,1
0.24594551191663416,0.014128118004361034,1
0.2890731912821536,0.15831434640000008,1
0.3208980861158492,0.17928718285540823,0
0.5597876061436105,0.3678753019414466,2
0.43706535972095134,0.2657358132482751,5
0.7474919866862759,0.7697613697242573,1
0.33673148621285165,0.1489843718217846,2
0.6048690342217213,0.34599067975309616,0
0.0,0.2992258585694538,1
0.29416578541513716,0.08868136486338624,1
0.1630805808466049,0.4939748477706698,3
0.5541303143302604,0.5235941596469653,3
0.014101944030031482,0.4354416869010531,1
0.4753825992367239,0.33239755617545425,0
0.5378320593600365,0.2123392687477259,1
0.6014684763918459,0.3940830843033084,1
0.20655529142364465,0.1681850396215059,0
0.20390015085256458,0.0,2
0.40924167743694223,0.16449425175828636,0
0.5612650953807276,0.343156297645776,2
0.6647351949607092,0.25345154464325476,4
0.728793765453387,0.41102841308775695,1
0.6350415606140166,0.3490920200028237,1
1.0,0.389902650867646,4
0.6020121973099167,0.25151883488525884,3
0.3289565157222415,0.007116458145331517,2
0.20520215506990955,0.6706975240474671,0
0.32394281687853915,0.18631299346206853,3
0.5991359266112006,0.34179994686014314,0
0.5303174104591787,0.45856268173484493,0
0.8987617281281612,0.0,3
0.5286551350293114,0.8591017965196248,1
0.33408924609085044,0.4812935165965126,0
0.5604966861007192,0.27464292761700093,0
0.833550315547143,0.5845056617733946,2
0.6576922793179864,0.13362375633459367,0
0.6086635875809793,0.7439777131943544,0
0.3224608318759561,0.08790414268599925,1
0.3998651494408978,0.18928696495409766,2
0.45229653748498616,0.20419696718736555,3
0.4287282670084568,0.4122243091569554,1
0.0188104697346608,0.3804667371852956,0
0.6168958454971232,0.6817741730665098,0
0.262139968977365,0.2956560668720458,5
0.5919970265104348,0.3202270517891581,0
0.25140770592450234,0.22838087035620064,1
0.11833186151793096,0.0,1
0.4275759351117486,0.7061395439741995,1
0.6752500769903184,0.5892792250170267,1
0.7961379309125306,0.4777683152125628,0
0.4546618941950885,0.581944079453571,2
0.5382277331194696,0.5050600893063968,1
0.19386687598479135,0.33231132700581095,0
0.6529075330334813,0.5770202010452911,2
0.35683906885484007,0.6478854329763275,1
0.9279934412649303,0.3317776258819217,3
0.25015285293257034,0.5501103285040752,0
0.473731720931022,0.1978220040525763,1
0.788775966299431,0.8008135460178081,2
0.19052230313675408,0.2228625210003503,2
0.29338286873360825,0.33451986465563005,3
0.8588288519262592,0.4584676674983434,1
0.3582510856024973,0.22583271347136602,2
0.426962023637605,0.23175133784693575,0
0.3488900220360997,0.6022121311232599,1
0.3073880252559108,0.0,0
0.45848793829716916,0.07799537196389802,0
0.3561707294328341,0.18642615231259996,0
0.6632044719259976,0.34942110202930166,2
0.5844928465004348,0.6810822142717707,1
0.6497579452059359,0.7950633851378694,2
0.6663143518611938,0.6699454515301193,2
0.511241435230064,0.32890877125424467,2
0.6098635899276668,0.7020952311729824,1
0.6264573795685546,0.02180550888689603,2
0.6942937170982161,0.7562166231855505,1
0.23671301553664026,0.10499455046948475,3
0.7522891824695984,0.24841275006065405,1
0.2271861515149161,0.17865554633571196,1
0.44391288286717373,0.0,0
0.661600635057988,0.9239211969995968,4
0.25789599677417574,0.4297530672351714,3
0.5117838590933319,0.6795422062436507,2
0.41830228363138044,0.0535847525929696,1
0.4034001825242372,0.25767061520923684,4
0.4863556349777724,0.3743185383707151,3
0.37448693503843383,0.41541058584840057,5
0.280662622625936,0.0683033708132384,1
0.5168540693649798,0.6731449155847857,2
0.23246159341943162,0.19872534420111168,1
0.21414349420221923,0.0,1
0.2775138334279512,0.0,1
0.26169015664140655,0.27620802447031995,1
0.6587246103530614,0.7136286491982348,3
0.6010890990256451,0.2707066381413861,2
0.20122112122104657,0.2204629361636968,0
0.8909191251504063,0.786978378539541,3
0.442463984601208,0.1144700466329488,2
0.2971594326856635,0.04177897848255038,0
0.16435414841701446,0.018463132251428954,0
0.38743575328747776,0.27576780747052704,0
0.34150544481294837,0.4679569531176848,0
0.3793545988306732,0.3624578817808729,0
0.4806692992173228,0.22993432409757952,1
0.3592698963838742,0.216879713917486,2
